/*******************************************************************************
 * Size: 20 px
 * Bpp: 4
 * Opts: --font C:\Windows\Fonts\simhei.ttf -r 0x20-0x7e --symbols 鏈繛鎺ラ攣瀹氬凡鎺ョ涓敹澶辨晥鍗忚寮傚父寰呮満淇″彿鍖呬涪鎺у埗鐘舵€佸彂閫佺數璋冩甯告棤鏁版嵁浼犳劅鍣ㄧ數姹犳皵鍘嬫寚鍗楁憞鏉嗗績鍘熷杈撳嚭鏈€灏忓ぇ姝诲尯閫熷害鏃嬮挳鍥轰欢閬ユ帶鍣ㄤ寒搴︽簮娲诲姩鍙樻殫鍗囩骇鐑у綍鏍″噯閲嶇疆閫€鍑哄悗鏂拌В鍏噷娓╅珮璁剧疆绫?--size 20 --bpp 4 --format lvgl --output tools\ui_projects\s3_transmitter_squareline\assets\fonts\ui_font_ChineseSmall.c --no-compress --no-prefilter --lv-font-name ui_font_ChineseSmall
 ******************************************************************************/

#include "ui.h"

#ifndef UI_FONT_CHINESESMALL
#define UI_FONT_CHINESESMALL 1
#endif

#if UI_FONT_CHINESESMALL

/*-----------------
 *    BITMAPS
 *----------------*/

/*Store the image of the glyphs*/
static LV_ATTRIBUTE_LARGE_CONST const uint8_t glyph_bitmap[] = {
    /* U+0020 " " */

    /* U+0021 "!" */
    0x3f, 0xe2, 0xfd, 0x1f, 0xc1, 0xfb, 0xf, 0xb0,
    0xfa, 0xe, 0x90, 0xd8, 0xc, 0x70, 0xb6, 0x0,
    0x0, 0x33, 0x4f, 0xf4, 0xff,

    /* U+0022 "\"" */
    0x7f, 0x45, 0xf6, 0x5f, 0x23, 0xf4, 0x5f, 0x3,
    0xf2, 0x4e, 0x2, 0xf1,

    /* U+0023 "#" */
    0x0, 0xd, 0x60, 0xf, 0x30, 0x0, 0xf, 0x40,
    0x2f, 0x10, 0x0, 0x1f, 0x20, 0x4f, 0x0, 0x12,
    0x4f, 0x22, 0x7e, 0x20, 0x9f, 0xff, 0xff, 0xff,
    0xf6, 0x35, 0xad, 0x55, 0xcb, 0x51, 0x0, 0xa9,
    0x0, 0xd6, 0x0, 0x12, 0xd8, 0x22, 0xf5, 0x20,
    0x9f, 0xff, 0xff, 0xff, 0xf6, 0x36, 0xf6, 0x57,
    0xf5, 0x51, 0x3, 0xf0, 0x5, 0xe0, 0x0, 0x5,
    0xe0, 0x7, 0xc0, 0x0, 0x7, 0xc0, 0xa, 0xa0,
    0x0,

    /* U+0024 "$" */
    0x0, 0x5, 0x30, 0x0, 0x0, 0xb, 0x60, 0x0,
    0x4, 0xcf, 0xfb, 0x20, 0x2f, 0xcd, 0xbf, 0xc0,
    0x8f, 0x1b, 0x68, 0xf3, 0xaf, 0x1b, 0x63, 0x82,
    0x5f, 0x9b, 0x60, 0x0, 0x9, 0xff, 0x80, 0x0,
    0x0, 0x5e, 0xfb, 0x10, 0x0, 0xb, 0xcf, 0xd0,
    0x33, 0xb, 0x68, 0xf5, 0xfd, 0xb, 0x63, 0xf7,
    0xcf, 0x1b, 0x65, 0xf5, 0x5f, 0xcd, 0xbe, 0xe0,
    0x6, 0xdf, 0xfb, 0x20, 0x0, 0xb, 0x60, 0x0,
    0x0, 0xb, 0x60, 0x0,

    /* U+0025 "%" */
    0x0, 0x0, 0x0, 0x1, 0x0, 0xa, 0xf8, 0x0,
    0xb, 0x0, 0x5e, 0x4f, 0x30, 0x38, 0x0, 0x8b,
    0xe, 0x50, 0xa1, 0x0, 0x8b, 0xe, 0x52, 0x90,
    0x0, 0x6d, 0x1f, 0x39, 0x20, 0x0, 0x1d, 0xfb,
    0x1a, 0x0, 0x0, 0x0, 0x10, 0x83, 0xae, 0x60,
    0x0, 0x0, 0xa6, 0xe5, 0xf1, 0x0, 0x7, 0x48,
    0xa0, 0xf3, 0x0, 0xb, 0x9, 0xa0, 0xf4, 0x0,
    0x65, 0x8, 0xa0, 0xf3, 0x0, 0xb0, 0x6, 0xd4,
    0xf1, 0x3, 0x60, 0x0, 0xae, 0x60,

    /* U+0026 "&" */
    0x0, 0x2b, 0xfd, 0x30, 0x0, 0x0, 0xce, 0x6d,
    0xe0, 0x0, 0x1, 0xf6, 0x6, 0xf1, 0x0, 0x0,
    0xf6, 0x9, 0xe0, 0x0, 0x0, 0xcb, 0x5f, 0x60,
    0x0, 0x0, 0x7f, 0xf5, 0x0, 0x0, 0x1, 0xdf,
    0xb0, 0x0, 0x0, 0xd, 0xc7, 0xf5, 0x8, 0xa0,
    0x6f, 0x30, 0xcf, 0x3c, 0xc0, 0x8f, 0x20, 0x1e,
    0xef, 0x70, 0x6f, 0x60, 0x2, 0xff, 0x60, 0xe,
    0xf9, 0x6b, 0xfe, 0xf5, 0x1, 0x9e, 0xfc, 0x50,
    0x90,

    /* U+0027 "'" */
    0x8f, 0x36, 0xf1, 0x6f, 0x5, 0xd0,

    /* U+0028 "(" */
    0x0, 0x0, 0x0, 0x0, 0x2, 0xd1, 0x0, 0x1e,
    0x80, 0x0, 0xba, 0x0, 0x5, 0xe1, 0x0, 0xc,
    0x70, 0x0, 0x1f, 0x10, 0x0, 0x4e, 0x0, 0x0,
    0x6c, 0x0, 0x0, 0x6b, 0x0, 0x0, 0x5d, 0x0,
    0x0, 0x3f, 0x0, 0x0, 0xe, 0x50, 0x0, 0x8,
    0xc0, 0x0, 0x1, 0xe6, 0x0, 0x0, 0x4f, 0x40,
    0x0, 0x6, 0xf1, 0x0, 0x0, 0x30,

    /* U+0029 ")" */
    0x0, 0x0, 0x0, 0x4c, 0x0, 0x0, 0xc, 0xc0,
    0x0, 0x0, 0xd7, 0x0, 0x0, 0x4f, 0x20, 0x0,
    0xb, 0x80, 0x0, 0x5, 0xd0, 0x0, 0x1, 0xf0,
    0x0, 0x0, 0xf2, 0x0, 0x0, 0xf3, 0x0, 0x1,
    0xf1, 0x0, 0x3, 0xf0, 0x0, 0x9, 0xa0, 0x0,
    0x1e, 0x40, 0x0, 0xab, 0x0, 0x7, 0xe2, 0x0,
    0x4f, 0x30, 0x0, 0x2, 0x0, 0x0,

    /* U+002A "*" */
    0x0, 0x0, 0xcc, 0x0, 0x0, 0x1, 0x0, 0xbb,
    0x0, 0x10, 0x4f, 0x80, 0xaa, 0x8, 0xf4, 0x19,
    0xfd, 0xdd, 0xdf, 0x91, 0x0, 0x1b, 0xff, 0xb1,
    0x0, 0x3, 0xbf, 0xff, 0xfb, 0x30, 0x5f, 0xd4,
    0xaa, 0x4d, 0xf5, 0x7, 0x0, 0xbb, 0x0, 0x70,
    0x0, 0x0, 0xbb, 0x0, 0x0, 0x0, 0x0, 0x77,
    0x0, 0x0,

    /* U+002B "+" */
    0x0, 0x0, 0x75, 0x0, 0x0, 0x0, 0x0, 0xc8,
    0x0, 0x0, 0x0, 0x0, 0xc8, 0x0, 0x0, 0x0,
    0x0, 0xc8, 0x0, 0x0, 0x9f, 0xff, 0xff, 0xff,
    0xf6, 0x13, 0x33, 0xda, 0x33, 0x31, 0x0, 0x0,
    0xc8, 0x0, 0x0, 0x0, 0x0, 0xc8, 0x0, 0x0,
    0x0, 0x0, 0xc8, 0x0, 0x0,

    /* U+002C "," */
    0x3a, 0x45, 0xf7, 0xc, 0x22, 0xa0,

    /* U+002D "-" */
    0x0, 0x0, 0x0, 0x0, 0x0, 0x9f, 0xff, 0xff,
    0xff, 0xf4, 0x13, 0x33, 0x33, 0x33, 0x30,

    /* U+002E "." */
    0x4a, 0x37, 0xf5,

    /* U+002F "/" */
    0x0, 0x0, 0x0, 0x0, 0x0, 0x0, 0x0, 0x0,
    0x0, 0xc2, 0x0, 0x0, 0x0, 0x6, 0xa0, 0x0,
    0x0, 0x0, 0x1d, 0x10, 0x0, 0x0, 0x0, 0x97,
    0x0, 0x0, 0x0, 0x2, 0xd0, 0x0, 0x0, 0x0,
    0xb, 0x50, 0x0, 0x0, 0x0, 0x4b, 0x0, 0x0,
    0x0, 0x0, 0xd2, 0x0, 0x0, 0x0, 0x7, 0x90,
    0x0, 0x0, 0x0, 0x1d, 0x10, 0x0, 0x0, 0x0,
    0x96, 0x0, 0x0, 0x0, 0x3, 0xd0, 0x0, 0x0,
    0x0, 0xc, 0x40, 0x0, 0x0, 0x0, 0x5b, 0x0,
    0x0, 0x0, 0x0, 0x32, 0x0, 0x0, 0x0, 0x0,

    /* U+0030 "0" */
    0x0, 0x1a, 0xef, 0x90, 0x0, 0x1, 0xef, 0x99,
    0xfb, 0x0, 0x9, 0xf4, 0x0, 0x6f, 0x40, 0xf,
    0xc0, 0x0, 0xe, 0xa0, 0x2f, 0x70, 0x0, 0xb,
    0xd0, 0x4f, 0x50, 0x0, 0xa, 0xe0, 0x4f, 0x40,
    0x0, 0x9, 0xf0, 0x4f, 0x40, 0x0, 0x9, 0xe0,
    0x3f, 0x60, 0x0, 0xa, 0xd0, 0xf, 0xa0, 0x0,
    0xe, 0xb0, 0xb, 0xf1, 0x0, 0x4f, 0x60, 0x3,
    0xfd, 0x45, 0xed, 0x0, 0x0, 0x4e, 0xff, 0xd3,
    0x0, 0x0, 0x0, 0x43, 0x0, 0x0,

    /* U+0031 "1" */
    0x0, 0x7, 0xf0, 0x5, 0xff, 0x8, 0xfe, 0xf3,
    0xe4, 0xaf, 0x11, 0xa, 0xf0, 0x0, 0xaf, 0x0,
    0xa, 0xf0, 0x0, 0xaf, 0x0, 0xa, 0xf0, 0x0,
    0xaf, 0x0, 0xa, 0xf0, 0x0, 0xaf, 0x0, 0xa,
    0xf0,

    /* U+0032 "2" */
    0x0, 0x0, 0x0, 0x0, 0x0, 0x5, 0xdf, 0xfc,
    0x30, 0x6, 0xfd, 0x77, 0xef, 0x20, 0xeb, 0x0,
    0x3, 0xf8, 0x17, 0x20, 0x0, 0xf, 0x90, 0x0,
    0x0, 0x4, 0xf6, 0x0, 0x0, 0x0, 0xbf, 0x10,
    0x0, 0x0, 0x6f, 0x70, 0x0, 0x0, 0x2f, 0xb0,
    0x0, 0x0, 0x1d, 0xd1, 0x0, 0x0, 0xc, 0xe2,
    0x0, 0x0, 0xc, 0xf3, 0x0, 0x0, 0x9, 0xfa,
    0x55, 0x55, 0x40, 0xff, 0xff, 0xff, 0xfd,

    /* U+0033 "3" */
    0x0, 0x0, 0x33, 0x0, 0x0, 0x5, 0xff, 0xff,
    0x70, 0x4, 0xf8, 0x22, 0xbf, 0x40, 0xcb, 0x0,
    0x1, 0xf9, 0x3, 0x20, 0x0, 0xf, 0x80, 0x0,
    0x0, 0x8, 0xf3, 0x0, 0x0, 0x9d, 0xf5, 0x0,
    0x0, 0x9, 0xef, 0x80, 0x0, 0x0, 0x0, 0x8f,
    0x60, 0x0, 0x0, 0x0, 0xec, 0x19, 0x30, 0x0,
    0xd, 0xc0, 0xec, 0x0, 0x3, 0xf8, 0x5, 0xfd,
    0x78, 0xfd, 0x10, 0x4, 0xcf, 0xe9, 0x10,

    /* U+0034 "4" */
    0x0, 0x0, 0x0, 0xcb, 0x0, 0x0, 0x0, 0x7,
    0xfb, 0x0, 0x0, 0x0, 0x3f, 0xfb, 0x0, 0x0,
    0x0, 0xdc, 0xcb, 0x0, 0x0, 0x9, 0xf2, 0xcb,
    0x0, 0x0, 0x5f, 0x50, 0xcb, 0x0, 0x1, 0xea,
    0x0, 0xcb, 0x0, 0xb, 0xd0, 0x0, 0xcb, 0x0,
    0x7f, 0x40, 0x0, 0xcb, 0x0, 0xcf, 0xff, 0xff,
    0xff, 0xf9, 0x23, 0x33, 0x33, 0xcc, 0x32, 0x0,
    0x0, 0x0, 0xcb, 0x0, 0x0, 0x0, 0x0, 0xcb,
    0x0,

    /* U+0035 "5" */
    0x0, 0xef, 0xff, 0xff, 0x50, 0x2f, 0x85, 0x55,
    0x52, 0x6, 0xf1, 0x0, 0x0, 0x0, 0x9d, 0x0,
    0x0, 0x0, 0xd, 0xdc, 0xfe, 0xa2, 0x1, 0xff,
    0x96, 0x9f, 0xe1, 0x17, 0x20, 0x0, 0x5f, 0x70,
    0x0, 0x0, 0x0, 0xec, 0x0, 0x0, 0x0, 0xc,
    0xd5, 0xa0, 0x0, 0x0, 0xfb, 0x6f, 0x50, 0x0,
    0x8f, 0x60, 0xdf, 0xa8, 0xcf, 0xb0, 0x1, 0x9e,
    0xfd, 0x70, 0x0,

    /* U+0036 "6" */
    0x0, 0x0, 0xd, 0xe0, 0x0, 0x0, 0x0, 0x8f,
    0x40, 0x0, 0x0, 0x3, 0xf9, 0x0, 0x0, 0x0,
    0xd, 0xd0, 0x0, 0x0, 0x0, 0x9f, 0x75, 0x30,
    0x0, 0x3, 0xff, 0xfe, 0xfd, 0x20, 0xb, 0xf6,
    0x0, 0x3e, 0xe0, 0x1f, 0xb0, 0x0, 0x6, 0xf5,
    0x3f, 0x70, 0x0, 0x3, 0xf7, 0x2f, 0x80, 0x0,
    0x5, 0xf6, 0xe, 0xd0, 0x0, 0xb, 0xf2, 0x4,
    0xfd, 0x76, 0xcf, 0x80, 0x0, 0x3a, 0xef, 0xd7,
    0x0,

    /* U+0037 "7" */
    0x2f, 0xff, 0xff, 0xff, 0xf3, 0x5, 0x55, 0x55,
    0x5b, 0xf1, 0x0, 0x0, 0x0, 0x1f, 0x80, 0x0,
    0x0, 0x0, 0xae, 0x0, 0x0, 0x0, 0x2, 0xf6,
    0x0, 0x0, 0x0, 0xa, 0xe0, 0x0, 0x0, 0x0,
    0x1f, 0x70, 0x0, 0x0, 0x0, 0x8f, 0x10, 0x0,
    0x0, 0x0, 0xea, 0x0, 0x0, 0x0, 0x4, 0xf5,
    0x0, 0x0, 0x0, 0xa, 0xf0, 0x0, 0x0, 0x0,
    0xe, 0xc0, 0x0, 0x0, 0x0, 0x3f, 0x80, 0x0,
    0x0,

    /* U+0038 "8" */
    0x0, 0x7d, 0xfe, 0xb2, 0x0, 0x7f, 0x96, 0x8e,
    0xf2, 0xe, 0x90, 0x0, 0x3f, 0x70, 0xf7, 0x0,
    0x1, 0xf8, 0xc, 0xe1, 0x0, 0x9f, 0x30, 0x2d,
    0xfd, 0xef, 0x60, 0x4, 0xed, 0x9b, 0xf9, 0x1,
    0xfa, 0x0, 0x3, 0xf9, 0x5f, 0x30, 0x0, 0xa,
    0xe6, 0xf3, 0x0, 0x0, 0xbf, 0x4f, 0x90, 0x0,
    0x3f, 0xc0, 0xdf, 0xeb, 0xcf, 0xf3, 0x1, 0x9e,
    0xff, 0xc4, 0x0,

    /* U+0039 "9" */
    0x0, 0x6c, 0xfe, 0x91, 0x0, 0x9f, 0xc8, 0xaf,
    0xe1, 0x3f, 0xa0, 0x0, 0x6f, 0x98, 0xf3, 0x0,
    0x0, 0xfc, 0x9f, 0x10, 0x0, 0xf, 0xb7, 0xf4,
    0x0, 0x4, 0xf7, 0x1e, 0xd3, 0x3, 0xef, 0x10,
    0x2c, 0xff, 0xff, 0x80, 0x0, 0x1, 0x2e, 0xe0,
    0x0, 0x0, 0x7, 0xf5, 0x0, 0x0, 0x1, 0xec,
    0x0, 0x0, 0x0, 0x9f, 0x20, 0x0, 0x0, 0x3f,
    0x80, 0x0, 0x0,

    /* U+003A ":" */
    0x1f, 0xb0, 0xa7, 0x0, 0x0, 0x0, 0x0, 0x0,
    0x0, 0x0, 0x1, 0xa7, 0x1f, 0xb0,

    /* U+003B ";" */
    0x1f, 0xb0, 0xa7, 0x0, 0x0, 0x0, 0x0, 0x0,
    0x0, 0x0, 0x1, 0xa7, 0x1f, 0xb0, 0x87, 0xc,
    0x0,

    /* U+003C "<" */
    0x0, 0x0, 0x0, 0x1, 0x80, 0x0, 0x0, 0x0,
    0x2d, 0x90, 0x0, 0x0, 0x3, 0xe8, 0x0, 0x0,
    0x0, 0x4e, 0x60, 0x0, 0x0, 0x5, 0xe4, 0x0,
    0x0, 0x0, 0x7e, 0x30, 0x0, 0x0, 0x9, 0xd2,
    0x0, 0x0, 0x0, 0x1d, 0x90, 0x0, 0x0, 0x0,
    0x1, 0xca, 0x0, 0x0, 0x0, 0x0, 0xb, 0xc1,
    0x0, 0x0, 0x0, 0x0, 0x9d, 0x20, 0x0, 0x0,
    0x0, 0x7, 0xe4, 0x0, 0x0, 0x0, 0x0, 0x5f,
    0x50, 0x0, 0x0, 0x0, 0x3, 0xd0, 0x0, 0x0,
    0x0, 0x0, 0x0,

    /* U+003D "=" */
    0x0, 0x0, 0x0, 0x0, 0x0, 0x9f, 0xff, 0xff,
    0xff, 0xf4, 0x13, 0x33, 0x33, 0x33, 0x30, 0x0,
    0x0, 0x0, 0x0, 0x0, 0x0, 0x0, 0x0, 0x0,
    0x0, 0x0, 0x0, 0x0, 0x0, 0x0, 0x9f, 0xff,
    0xff, 0xff, 0xf4, 0x13, 0x33, 0x33, 0x33, 0x30,

    /* U+003E ">" */
    0x18, 0x0, 0x0, 0x0, 0x0, 0xb, 0xc1, 0x0,
    0x0, 0x0, 0x0, 0xad, 0x10, 0x0, 0x0, 0x0,
    0x8, 0xe2, 0x0, 0x0, 0x0, 0x0, 0x6e, 0x40,
    0x0, 0x0, 0x0, 0x4, 0xe5, 0x0, 0x0, 0x0,
    0x0, 0x3e, 0x70, 0x0, 0x0, 0x0, 0xb, 0xc0,
    0x0, 0x0, 0x1, 0xca, 0x0, 0x0, 0x0, 0x2d,
    0x90, 0x0, 0x0, 0x4, 0xe6, 0x0, 0x0, 0x0,
    0x5f, 0x50, 0x0, 0x0, 0x8, 0xe3, 0x0, 0x0,
    0x0, 0x2c, 0x20, 0x0, 0x0, 0x0, 0x0, 0x0,
    0x0, 0x0, 0x0,

    /* U+003F "?" */
    0x3, 0xcf, 0xea, 0x20, 0x3f, 0xe8, 0x9f, 0xe1,
    0xbf, 0x20, 0x8, 0xf5, 0xee, 0x0, 0x6, 0xf7,
    0x21, 0x0, 0xa, 0xf4, 0x0, 0x0, 0x6f, 0xb0,
    0x0, 0x5, 0xfb, 0x0, 0x0, 0xd, 0xc0, 0x0,
    0x0, 0xf, 0x60, 0x0, 0x0, 0x0, 0x0, 0x0,
    0x0, 0x0, 0x0, 0x0, 0x0, 0x2d, 0x70, 0x0,
    0x0, 0x2f, 0x80, 0x0,

    /* U+0040 "@" */
    0x0, 0x8, 0xa9, 0xa4, 0x0, 0x1, 0xb3, 0x0,
    0xa, 0x40, 0xa, 0x30, 0x8d, 0xa8, 0xc0, 0x1a,
    0x8, 0xa0, 0xf5, 0xa2, 0x66, 0x2f, 0x10, 0xf2,
    0x85, 0x83, 0x8b, 0x3, 0xf0, 0x65, 0x93, 0xb8,
    0x6, 0xc0, 0x75, 0x93, 0xc7, 0x8, 0x90, 0xa2,
    0x74, 0xaa, 0xd, 0x82, 0xc0, 0x48, 0x3e, 0xf7,
    0xfe, 0x30, 0xc, 0x0, 0x0, 0x0, 0x0, 0x3,
    0xa1, 0x0, 0x18, 0x0, 0x0, 0x29, 0x99, 0x91,
    0x0,

    /* U+0041 "A" */
    0x0, 0x0, 0xfd, 0x0, 0x0, 0x0, 0x4, 0xff,
    0x20, 0x0, 0x0, 0x9, 0xff, 0x70, 0x0, 0x0,
    0xe, 0xbe, 0xc0, 0x0, 0x0, 0x3f, 0x79, 0xf1,
    0x0, 0x0, 0x8f, 0x35, 0xf5, 0x0, 0x0, 0xde,
    0x1, 0xfa, 0x0, 0x1, 0xfb, 0x22, 0xee, 0x0,
    0x6, 0xff, 0xff, 0xff, 0x40, 0xb, 0xf6, 0x55,
    0x7f, 0x80, 0xf, 0xd0, 0x0, 0xf, 0xd0, 0x5f,
    0x80, 0x0, 0xb, 0xf2, 0x9f, 0x40, 0x0, 0x6,
    0xf7,

    /* U+0042 "B" */
    0x2f, 0xff, 0xff, 0xb3, 0x0, 0x2f, 0xc7, 0x78,
    0xef, 0x20, 0x2f, 0xa0, 0x0, 0x3f, 0xa0, 0x2f,
    0xa0, 0x0, 0xf, 0xc0, 0x2f, 0xa0, 0x0, 0x2f,
    0xb0, 0x2f, 0xb2, 0x23, 0xcf, 0x40, 0x2f, 0xff,
    0xff, 0xf5, 0x0, 0x2f, 0xc5, 0x56, 0xcf, 0x60,
    0x2f, 0xa0, 0x0, 0xd, 0xf1, 0x2f, 0xa0, 0x0,
    0xb, 0xf3, 0x2f, 0xa0, 0x0, 0x1e, 0xf1, 0x2f,
    0xc7, 0x78, 0xef, 0xa0, 0x2f, 0xff, 0xfe, 0xc6,
    0x0,

    /* U+0043 "C" */
    0x0, 0x8, 0xef, 0xc4, 0x0, 0x0, 0xcf, 0xa7,
    0xdf, 0x50, 0x7, 0xf7, 0x0, 0xe, 0xe0, 0xd,
    0xf0, 0x0, 0xa, 0xf2, 0x1f, 0xb0, 0x0, 0x5,
    0xb2, 0x3f, 0xa0, 0x0, 0x0, 0x0, 0x4f, 0x90,
    0x0, 0x0, 0x0, 0x4f, 0x90, 0x0, 0x1, 0x30,
    0x2f, 0xb0, 0x0, 0x8, 0xf3, 0xf, 0xe0, 0x0,
    0xa, 0xf1, 0xa, 0xf5, 0x0, 0x1f, 0xd0, 0x1,
    0xef, 0x97, 0xef, 0x40, 0x0, 0x19, 0xef, 0xc4,
    0x0,

    /* U+0044 "D" */
    0x2f, 0xff, 0xeb, 0x60, 0x0, 0x2f, 0xc7, 0x8e,
    0xfa, 0x0, 0x2f, 0xa0, 0x0, 0xcf, 0x50, 0x2f,
    0xa0, 0x0, 0x3f, 0xc0, 0x2f, 0xa0, 0x0, 0xe,
    0xf0, 0x2f, 0xa0, 0x0, 0xc, 0xf1, 0x2f, 0xa0,
    0x0, 0xb, 0xf2, 0x2f, 0xa0, 0x0, 0xc, 0xf1,
    0x2f, 0xa0, 0x0, 0xe, 0xf0, 0x2f, 0xa0, 0x0,
    0x2f, 0xb0, 0x2f, 0xa0, 0x0, 0xbf, 0x50, 0x2f,
    0xc7, 0x8e, 0xf9, 0x0, 0x2f, 0xff, 0xeb, 0x40,
    0x0,

    /* U+0045 "E" */
    0xef, 0xff, 0xff, 0xfa, 0xe, 0xf7, 0x77, 0x77,
    0x40, 0xee, 0x0, 0x0, 0x0, 0xe, 0xe0, 0x0,
    0x0, 0x0, 0xee, 0x0, 0x0, 0x0, 0xe, 0xe2,
    0x22, 0x22, 0x0, 0xef, 0xff, 0xff, 0xf3, 0xe,
    0xe5, 0x55, 0x55, 0x10, 0xee, 0x0, 0x0, 0x0,
    0xe, 0xe0, 0x0, 0x0, 0x0, 0xee, 0x0, 0x0,
    0x0, 0xe, 0xf7, 0x77, 0x77, 0x70, 0xef, 0xff,
    0xff, 0xff, 0x10,

    /* U+0046 "F" */
    0x1f, 0xff, 0xff, 0xff, 0xf2, 0x1f, 0xd7, 0x77,
    0x77, 0x70, 0x1f, 0xb0, 0x0, 0x0, 0x0, 0x1f,
    0xb0, 0x0, 0x0, 0x0, 0x1f, 0xb0, 0x0, 0x0,
    0x0, 0x1f, 0xc2, 0x22, 0x21, 0x0, 0x1f, 0xff,
    0xff, 0xf9, 0x0, 0x1f, 0xd5, 0x55, 0x52, 0x0,
    0x1f, 0xb0, 0x0, 0x0, 0x0, 0x1f, 0xb0, 0x0,
    0x0, 0x0, 0x1f, 0xb0, 0x0, 0x0, 0x0, 0x1f,
    0xb0, 0x0, 0x0, 0x0, 0x1f, 0xb0, 0x0, 0x0,
    0x0,

    /* U+0047 "G" */
    0x0, 0x1a, 0xef, 0xb3, 0x0, 0x1d, 0xf8, 0x8e,
    0xf2, 0x8, 0xf5, 0x0, 0x3f, 0x90, 0xee, 0x0,
    0x0, 0xed, 0x1f, 0xb0, 0x0, 0x2, 0x23, 0xf9,
    0x0, 0x11, 0x11, 0x4f, 0x90, 0x1f, 0xff, 0xe4,
    0xf9, 0x0, 0x44, 0xce, 0x3f, 0xb0, 0x0, 0xa,
    0xe0, 0xfe, 0x0, 0x0, 0xce, 0xa, 0xf5, 0x0,
    0x2f, 0xe0, 0x1e, 0xf9, 0x8e, 0xfe, 0x0, 0x1a,
    0xfe, 0x99, 0xe0,

    /* U+0048 "H" */
    0x2f, 0xa0, 0x0, 0xe, 0xe2, 0xfa, 0x0, 0x0,
    0xee, 0x2f, 0xa0, 0x0, 0xe, 0xe2, 0xfa, 0x0,
    0x0, 0xee, 0x2f, 0xa0, 0x0, 0xe, 0xe2, 0xfb,
    0x22, 0x22, 0xee, 0x2f, 0xff, 0xff, 0xff, 0xe2,
    0xfc, 0x55, 0x55, 0xee, 0x2f, 0xa0, 0x0, 0xe,
    0xe2, 0xfa, 0x0, 0x0, 0xee, 0x2f, 0xa0, 0x0,
    0xe, 0xe2, 0xfa, 0x0, 0x0, 0xee, 0x2f, 0xa0,
    0x0, 0xe, 0xe0,

    /* U+0049 "I" */
    0xf, 0xc0, 0xfc, 0xf, 0xc0, 0xfc, 0xf, 0xc0,
    0xfc, 0xf, 0xc0, 0xfc, 0xf, 0xc0, 0xfc, 0xf,
    0xc0, 0xfc, 0xf, 0xc0,

    /* U+004A "J" */
    0x0, 0x0, 0x0, 0xfc, 0x0, 0x0, 0x0, 0xfc,
    0x0, 0x0, 0x0, 0xfc, 0x0, 0x0, 0x0, 0xfc,
    0x0, 0x0, 0x0, 0xfc, 0x0, 0x0, 0x0, 0xfc,
    0x0, 0x0, 0x0, 0xfc, 0x11, 0x0, 0x0, 0xfc,
    0xfd, 0x0, 0x0, 0xfb, 0xee, 0x0, 0x2, 0xfa,
    0xbf, 0x30, 0x7, 0xf7, 0x4f, 0xfa, 0xbf, 0xe1,
    0x3, 0xcf, 0xfb, 0x20,

    /* U+004B "K" */
    0x2f, 0xa0, 0x0, 0x4f, 0xc0, 0x2f, 0xa0, 0x2,
    0xee, 0x10, 0x2f, 0xa0, 0xd, 0xf3, 0x0, 0x2f,
    0xa0, 0xaf, 0x50, 0x0, 0x2f, 0xa7, 0xf8, 0x0,
    0x0, 0x2f, 0xdf, 0xf4, 0x0, 0x0, 0x2f, 0xfe,
    0xfd, 0x0, 0x0, 0x2f, 0xf3, 0x8f, 0x60, 0x0,
    0x2f, 0xa0, 0x1e, 0xe1, 0x0, 0x2f, 0xa0, 0x7,
    0xf8, 0x0, 0x2f, 0xa0, 0x0, 0xdf, 0x20, 0x2f,
    0xa0, 0x0, 0x5f, 0xa0, 0x2f, 0xa0, 0x0, 0xc,
    0xf4,

    /* U+004C "L" */
    0x1f, 0xb0, 0x0, 0x0, 0x0, 0x1f, 0xb0, 0x0,
    0x0, 0x0, 0x1f, 0xb0, 0x0, 0x0, 0x0, 0x1f,
    0xb0, 0x0, 0x0, 0x0, 0x1f, 0xb0, 0x0, 0x0,
    0x0, 0x1f, 0xb0, 0x0, 0x0, 0x0, 0x1f, 0xb0,
    0x0, 0x0, 0x0, 0x1f, 0xb0, 0x0, 0x0, 0x0,
    0x1f, 0xb0, 0x0, 0x0, 0x0, 0x1f, 0xb0, 0x0,
    0x0, 0x0, 0x1f, 0xb0, 0x0, 0x0, 0x0, 0x1f,
    0xd7, 0x77, 0x77, 0x70, 0x1f, 0xff, 0xff, 0xff,
    0xf1,

    /* U+004D "M" */
    0x4f, 0xf3, 0x0, 0x6f, 0xf2, 0x4f, 0xf6, 0x0,
    0x9f, 0xf2, 0x4f, 0xf9, 0x0, 0xcf, 0xf2, 0x4f,
    0xfd, 0x0, 0xff, 0xf2, 0x4f, 0xaf, 0x2, 0xfa,
    0xf2, 0x4f, 0x7f, 0x36, 0xf7, 0xf2, 0x4f, 0x4f,
    0x69, 0xd6, 0xf2, 0x4f, 0x4d, 0x9c, 0xa6, 0xf2,
    0x4f, 0x49, 0xdf, 0x76, 0xf2, 0x4f, 0x46, 0xff,
    0x46, 0xf2, 0x4f, 0x43, 0xff, 0x6, 0xf2, 0x4f,
    0x40, 0xfd, 0x6, 0xf2, 0x4f, 0x40, 0xca, 0x6,
    0xf2,

    /* U+004E "N" */
    0x3f, 0xe0, 0x0, 0xe, 0xe3, 0xff, 0x60, 0x0,
    0xee, 0x3f, 0xfd, 0x0, 0xe, 0xe3, 0xfe, 0xf5,
    0x0, 0xee, 0x3f, 0x9e, 0xc0, 0xe, 0xe3, 0xf9,
    0x7f, 0x30, 0xee, 0x3f, 0x91, 0xfb, 0xe, 0xe3,
    0xf9, 0x8, 0xf2, 0xee, 0x3f, 0x90, 0x1f, 0x9e,
    0xe3, 0xf9, 0x0, 0xaf, 0xfe, 0x3f, 0x90, 0x3,
    0xff, 0xe3, 0xf9, 0x0, 0xb, 0xfe, 0x3f, 0x90,
    0x0, 0x4f, 0xe0,

    /* U+004F "O" */
    0x0, 0x3c, 0xff, 0xb2, 0x0, 0x4, 0xfe, 0x89,
    0xfe, 0x10, 0xd, 0xf2, 0x0, 0x5f, 0x90, 0x2f,
    0xb0, 0x0, 0xe, 0xe0, 0x5f, 0x80, 0x0, 0xc,
    0xf1, 0x6f, 0x70, 0x0, 0xb, 0xf2, 0x7f, 0x60,
    0x0, 0xa, 0xf3, 0x6f, 0x70, 0x0, 0xb, 0xf2,
    0x5f, 0x80, 0x0, 0xc, 0xf1, 0x2f, 0xb0, 0x0,
    0xe, 0xe0, 0xc, 0xf2, 0x0, 0x5f, 0x90, 0x3,
    0xfe, 0x89, 0xfe, 0x10, 0x0, 0x3c, 0xff, 0xa2,
    0x0,

    /* U+0050 "P" */
    0xff, 0xff, 0xfc, 0x50, 0xf, 0xe7, 0x78, 0xef,
    0x60, 0xfd, 0x0, 0x1, 0xee, 0xf, 0xd0, 0x0,
    0xa, 0xf2, 0xfd, 0x0, 0x0, 0xaf, 0x3f, 0xd0,
    0x0, 0xd, 0xf0, 0xfd, 0x11, 0x39, 0xf9, 0xf,
    0xff, 0xff, 0xfa, 0x0, 0xfd, 0x44, 0x41, 0x0,
    0xf, 0xd0, 0x0, 0x0, 0x0, 0xfd, 0x0, 0x0,
    0x0, 0xf, 0xd0, 0x0, 0x0, 0x0, 0xfd, 0x0,
    0x0, 0x0, 0x0,

    /* U+0051 "Q" */
    0x0, 0x3c, 0xff, 0xb2, 0x0, 0x4, 0xfe, 0x89,
    0xfe, 0x10, 0xd, 0xf2, 0x0, 0x5f, 0x90, 0x2f,
    0xb0, 0x0, 0xe, 0xe0, 0x5f, 0x80, 0x0, 0xc,
    0xf1, 0x6f, 0x70, 0x0, 0xb, 0xf2, 0x7f, 0x60,
    0x0, 0xa, 0xf3, 0x6f, 0x70, 0x1, 0xa, 0xf2,
    0x5f, 0x80, 0xc, 0x6c, 0xf1, 0x2f, 0xb0, 0xd,
    0xef, 0xe0, 0xc, 0xf2, 0x4, 0xff, 0x90, 0x3,
    0xfe, 0x88, 0xff, 0x30, 0x0, 0x3c, 0xfe, 0xbf,
    0x70, 0x0, 0x0, 0x0, 0x8, 0x0,

    /* U+0052 "R" */
    0x2f, 0xff, 0xfe, 0xb4, 0x0, 0x2f, 0xc7, 0x79,
    0xff, 0x50, 0x2f, 0xa0, 0x0, 0x3f, 0xd0, 0x2f,
    0xa0, 0x0, 0xd, 0xf0, 0x2f, 0xa0, 0x0, 0xf,
    0xd0, 0x2f, 0xb2, 0x23, 0xbf, 0x80, 0x2f, 0xff,
    0xff, 0xf9, 0x0, 0x2f, 0xc5, 0x6f, 0xa0, 0x0,
    0x2f, 0xa0, 0xb, 0xf2, 0x0, 0x2f, 0xa0, 0x3,
    0xf9, 0x0, 0x2f, 0xa0, 0x0, 0xbf, 0x20, 0x2f,
    0xa0, 0x0, 0x3f, 0x90, 0x2f, 0xa0, 0x0, 0xb,
    0xf2,

    /* U+0053 "S" */
    0x0, 0x3b, 0xff, 0xb2, 0x0, 0x5, 0xfe, 0x9a,
    0xfe, 0x0, 0xd, 0xf1, 0x0, 0x6f, 0x70, 0xf,
    0xd0, 0x0, 0x1a, 0x60, 0xb, 0xf5, 0x0, 0x0,
    0x0, 0x2, 0xef, 0xc6, 0x0, 0x0, 0x0, 0x7,
    0xef, 0xe4, 0x0, 0x0, 0x0, 0x5, 0xef, 0x50,
    0x2, 0x10, 0x0, 0x2f, 0xe0, 0x4f, 0x80, 0x0,
    0xc, 0xf0, 0x1f, 0xd0, 0x0, 0x1f, 0xd0, 0x9,
    0xfd, 0x78, 0xef, 0x50, 0x0, 0x7d, 0xfe, 0xb4,
    0x0,

    /* U+0054 "T" */
    0x2f, 0xff, 0xff, 0xff, 0xe0, 0x77, 0x7f, 0xe7,
    0x76, 0x0, 0x0, 0xfc, 0x0, 0x0, 0x0, 0xf,
    0xc0, 0x0, 0x0, 0x0, 0xfc, 0x0, 0x0, 0x0,
    0xf, 0xc0, 0x0, 0x0, 0x0, 0xfc, 0x0, 0x0,
    0x0, 0xf, 0xc0, 0x0, 0x0, 0x0, 0xfc, 0x0,
    0x0, 0x0, 0xf, 0xc0, 0x0, 0x0, 0x0, 0xfc,
    0x0, 0x0, 0x0, 0xf, 0xc0, 0x0, 0x0, 0x0,
    0xfc, 0x0, 0x0,

    /* U+0055 "U" */
    0x2f, 0xa0, 0x0, 0xd, 0xf2, 0xfa, 0x0, 0x0,
    0xdf, 0x2f, 0xa0, 0x0, 0xd, 0xf2, 0xfa, 0x0,
    0x0, 0xdf, 0x2f, 0xa0, 0x0, 0xd, 0xf2, 0xfa,
    0x0, 0x0, 0xdf, 0x2f, 0xa0, 0x0, 0xd, 0xf2,
    0xfa, 0x0, 0x0, 0xdf, 0x2f, 0xa0, 0x0, 0xd,
    0xf1, 0xfb, 0x0, 0x0, 0xde, 0xe, 0xe1, 0x0,
    0x2f, 0xc0, 0x7f, 0xd7, 0x8e, 0xf4, 0x0, 0x7d,
    0xff, 0xc5, 0x0,

    /* U+0056 "V" */
    0xbf, 0x20, 0x0, 0x7, 0xf6, 0x6f, 0x70, 0x0,
    0xc, 0xf1, 0x1f, 0xb0, 0x0, 0xf, 0xc0, 0xc,
    0xf0, 0x0, 0x5f, 0x70, 0x7, 0xf4, 0x0, 0x9f,
    0x20, 0x3, 0xf8, 0x0, 0xee, 0x0, 0x0, 0xed,
    0x2, 0xf9, 0x0, 0x0, 0x9f, 0x16, 0xf4, 0x0,
    0x0, 0x4f, 0x6b, 0xf0, 0x0, 0x0, 0xf, 0xbf,
    0xa0, 0x0, 0x0, 0xb, 0xff, 0x50, 0x0, 0x0,
    0x6, 0xff, 0x10, 0x0, 0x0, 0x1, 0xfc, 0x0,
    0x0,

    /* U+0057 "W" */
    0xdd, 0x1, 0xfc, 0x2, 0xf8, 0xbf, 0x3, 0xfe,
    0x4, 0xf6, 0x9f, 0x6, 0xff, 0x5, 0xf4, 0x7f,
    0x28, 0xdf, 0x37, 0xf2, 0x5f, 0x4a, 0x9e, 0x59,
    0xf0, 0x3f, 0x5c, 0x7c, 0x7b, 0xe0, 0x1f, 0x7f,
    0x4a, 0xac, 0xb0, 0xe, 0xaf, 0x27, 0xce, 0x90,
    0xc, 0xff, 0x5, 0xff, 0x70, 0xa, 0xfd, 0x3,
    0xff, 0x50, 0x8, 0xfb, 0x0, 0xff, 0x30, 0x6,
    0xf9, 0x0, 0xef, 0x10, 0x4, 0xf6, 0x0, 0xbf,
    0x0,

    /* U+0058 "X" */
    0x1f, 0xd0, 0x0, 0x2f, 0xb0, 0x8, 0xf4, 0x0,
    0x9f, 0x30, 0x0, 0xec, 0x1, 0xfa, 0x0, 0x0,
    0x6f, 0x49, 0xf2, 0x0, 0x0, 0xd, 0xcf, 0x90,
    0x0, 0x0, 0x5, 0xff, 0x10, 0x0, 0x0, 0x3,
    0xfe, 0x0, 0x0, 0x0, 0xb, 0xff, 0x60, 0x0,
    0x0, 0x4f, 0x6b, 0xe0, 0x0, 0x0, 0xce, 0x3,
    0xf7, 0x0, 0x5, 0xf6, 0x0, 0xbf, 0x10, 0xd,
    0xe0, 0x0, 0x4f, 0x90, 0x6f, 0x60, 0x0, 0xc,
    0xf2,

    /* U+0059 "Y" */
    0x6f, 0x50, 0x0, 0x9, 0xf3, 0xe, 0xd0, 0x0,
    0x1f, 0xa0, 0x6, 0xf5, 0x0, 0x9f, 0x20, 0x0,
    0xdd, 0x1, 0xfa, 0x0, 0x0, 0x6f, 0x59, 0xf2,
    0x0, 0x0, 0xd, 0xdf, 0x90, 0x0, 0x0, 0x5,
    0xff, 0x20, 0x0, 0x0, 0x0, 0xfc, 0x0, 0x0,
    0x0, 0x0, 0xfc, 0x0, 0x0, 0x0, 0x0, 0xfc,
    0x0, 0x0, 0x0, 0x0, 0xfc, 0x0, 0x0, 0x0,
    0x0, 0xfc, 0x0, 0x0, 0x0, 0x0, 0xfc, 0x0,
    0x0,

    /* U+005A "Z" */
    0xd, 0xff, 0xff, 0xff, 0xd0, 0x5, 0x77, 0x77,
    0x8f, 0xb0, 0x0, 0x0, 0x0, 0xaf, 0x20, 0x0,
    0x0, 0x4, 0xf8, 0x0, 0x0, 0x0, 0xd, 0xd0,
    0x0, 0x0, 0x0, 0x8f, 0x40, 0x0, 0x0, 0x2,
    0xfa, 0x0, 0x0, 0x0, 0xc, 0xf1, 0x0, 0x0,
    0x0, 0x6f, 0x60, 0x0, 0x0, 0x1, 0xec, 0x0,
    0x0, 0x0, 0xa, 0xf2, 0x0, 0x0, 0x0, 0x3f,
    0xd7, 0x77, 0x77, 0x70, 0x4f, 0xff, 0xff, 0xff,
    0xf1,

    /* U+005B "[" */
    0x0, 0x0, 0x0, 0x1f, 0xff, 0xfd, 0x1f, 0x63,
    0x32, 0x1f, 0x30, 0x0, 0x1f, 0x30, 0x0, 0x1f,
    0x30, 0x0, 0x1f, 0x30, 0x0, 0x1f, 0x30, 0x0,
    0x1f, 0x30, 0x0, 0x1f, 0x30, 0x0, 0x1f, 0x30,
    0x0, 0x1f, 0x30, 0x0, 0x1f, 0x30, 0x0, 0x1f,
    0x30, 0x0, 0x1f, 0x30, 0x0, 0x1f, 0x30, 0x0,
    0x1f, 0x30, 0x0, 0x1f, 0xff, 0xfd, 0x3, 0x33,
    0x32,

    /* U+005C "\\" */
    0x72, 0x0, 0x0, 0x0, 0x9b, 0x0, 0x0, 0x0,
    0x2f, 0x10, 0x0, 0x0, 0xb, 0x80, 0x0, 0x0,
    0x4, 0xe0, 0x0, 0x0, 0x0, 0xd6, 0x0, 0x0,
    0x0, 0x7c, 0x0, 0x0, 0x0, 0x1f, 0x30, 0x0,
    0x0, 0x9, 0xa0, 0x0, 0x0, 0x2, 0xf1, 0x0,
    0x0, 0x0, 0xc7, 0x0, 0x0, 0x0, 0x5e, 0x0,
    0x0, 0x0, 0xe, 0x50, 0x0, 0x0, 0x7, 0xc0,
    0x0, 0x0, 0x1, 0xf3, 0x0, 0x0, 0x0, 0xa9,

    /* U+005D "]" */
    0x0, 0x0, 0x0, 0x1f, 0xff, 0xfd, 0x3, 0x33,
    0x9d, 0x0, 0x0, 0x7d, 0x0, 0x0, 0x7d, 0x0,
    0x0, 0x7d, 0x0, 0x0, 0x7d, 0x0, 0x0, 0x7d,
    0x0, 0x0, 0x7d, 0x0, 0x0, 0x7d, 0x0, 0x0,
    0x7d, 0x0, 0x0, 0x7d, 0x0, 0x0, 0x7d, 0x0,
    0x0, 0x7d, 0x0, 0x0, 0x7d, 0x0, 0x0, 0x7d,
    0x0, 0x0, 0x7d, 0x1f, 0xff, 0xfd, 0x3, 0x33,
    0x32,

    /* U+005E "^" */
    0x0, 0x9f, 0xf4, 0x0, 0x8, 0xf7, 0xaf, 0x30,
    0x6e, 0x30, 0x7, 0xe3,

    /* U+005F "_" */
    0xee, 0xee, 0xee, 0xee, 0xec,

    /* U+0060 "`" */
    0x28, 0x70, 0x0, 0x9, 0xf7, 0x0, 0x0, 0x9f,
    0x20, 0x0, 0xa, 0xc0,

    /* U+0061 "a" */
    0x0, 0x4c, 0xfe, 0xb2, 0x0, 0x4f, 0xc6, 0x6d,
    0xe0, 0x7, 0xb1, 0x0, 0x4f, 0x40, 0x0, 0x14,
    0x7d, 0xf5, 0x2, 0xcf, 0xfd, 0xbf, 0x50, 0xde,
    0x40, 0x3, 0xf5, 0x1f, 0x90, 0x0, 0x8f, 0x50,
    0xee, 0x54, 0xaf, 0xf6, 0x3, 0xbf, 0xfb, 0x4f,
    0xb0,

    /* U+0062 "b" */
    0x1f, 0x80, 0x0, 0x0, 0x1, 0xf8, 0x0, 0x0,
    0x0, 0x1f, 0x80, 0x0, 0x0, 0x1, 0xf8, 0x0,
    0x0, 0x0, 0x1f, 0x88, 0xef, 0xa2, 0x1, 0xff,
    0xd7, 0x8f, 0xe1, 0x1f, 0xf1, 0x0, 0x6f, 0x71,
    0xfa, 0x0, 0x0, 0xfb, 0x1f, 0x80, 0x0, 0xe,
    0xc1, 0xf9, 0x0, 0x0, 0xfc, 0x1f, 0xe1, 0x0,
    0x5f, 0x81, 0xff, 0xd6, 0x8f, 0xe1, 0x1f, 0x89,
    0xff, 0xb2, 0x0,

    /* U+0063 "c" */
    0x0, 0x3b, 0xfe, 0xb3, 0x0, 0x4f, 0xd7, 0x7d,
    0xf3, 0xe, 0xe1, 0x0, 0x3f, 0x93, 0xf8, 0x0,
    0x0, 0x0, 0x4f, 0x70, 0x0, 0x0, 0x3, 0xf8,
    0x0, 0x0, 0x88, 0xe, 0xe1, 0x0, 0x1f, 0xb0,
    0x4f, 0xd7, 0x7d, 0xf3, 0x0, 0x3b, 0xfe, 0xb2,
    0x0,

    /* U+0064 "d" */
    0x0, 0x0, 0x0, 0xf, 0x90, 0x0, 0x0, 0x0,
    0xf9, 0x0, 0x0, 0x0, 0xf, 0x90, 0x0, 0x0,
    0x0, 0xf9, 0x0, 0x6d, 0xfc, 0x3f, 0x90, 0x7f,
    0xc6, 0x9f, 0xf9, 0xf, 0xe0, 0x0, 0x8f, 0x93,
    0xf8, 0x0, 0x1, 0xf9, 0x4f, 0x70, 0x0, 0xf,
    0x93, 0xf8, 0x0, 0x1, 0xf9, 0xf, 0xc0, 0x0,
    0x6f, 0x90, 0x7f, 0xa4, 0x6f, 0xf9, 0x0, 0x6d,
    0xfd, 0x5f, 0x90,

    /* U+0065 "e" */
    0x0, 0x3b, 0xfe, 0xb3, 0x0, 0x4f, 0xb5, 0x5d,
    0xf2, 0xd, 0xd0, 0x0, 0x2f, 0x91, 0xff, 0xff,
    0xff, 0xfc, 0x3f, 0x93, 0x33, 0x33, 0x21, 0xfa,
    0x0, 0x0, 0x33, 0xd, 0xe1, 0x0, 0x1f, 0xa0,
    0x4f, 0xe7, 0x6d, 0xf3, 0x0, 0x3b, 0xfe, 0xb3,
    0x0,

    /* U+0066 "f" */
    0x0, 0x0, 0x5d, 0xff, 0xa0, 0x0, 0x3f, 0xb6,
    0x69, 0x0, 0x7, 0xf1, 0x0, 0x0, 0x0, 0x7f,
    0x10, 0x0, 0x2f, 0xff, 0xff, 0xff, 0x40, 0x33,
    0x9f, 0x43, 0x30, 0x0, 0x7, 0xf1, 0x0, 0x0,
    0x0, 0x7f, 0x10, 0x0, 0x0, 0x7, 0xf1, 0x0,
    0x0, 0x0, 0x7f, 0x10, 0x0, 0x0, 0x7, 0xf1,
    0x0, 0x0, 0x0, 0x7f, 0x10, 0x0, 0x0, 0x7,
    0xf1, 0x0, 0x0,

    /* U+0067 "g" */
    0x0, 0x0, 0x0, 0x0, 0x0, 0x0, 0x4c, 0xfd,
    0x6a, 0xf4, 0x3, 0xfa, 0x58, 0xf9, 0x41, 0x7,
    0xf1, 0x0, 0xeb, 0x0, 0x3, 0xf7, 0x14, 0xf8,
    0x0, 0x0, 0xdf, 0xff, 0xa0, 0x0, 0x9, 0xb0,
    0x31, 0x0, 0x0, 0xc, 0xa0, 0x0, 0x0, 0x0,
    0x9, 0xf9, 0x65, 0x41, 0x0, 0x3, 0xfe, 0xff,
    0xff, 0x90, 0x2f, 0x81, 0x11, 0x3c, 0xe0, 0x7,
    0xdf, 0xff, 0xda, 0x30,

    /* U+0068 "h" */
    0xea, 0x0, 0x0, 0x0, 0xea, 0x0, 0x0, 0x0,
    0xea, 0x0, 0x0, 0x0, 0xea, 0x0, 0x0, 0x0,
    0xea, 0x2b, 0xfe, 0x90, 0xec, 0xe7, 0x3a, 0xf7,
    0xef, 0x70, 0x0, 0xeb, 0xee, 0x0, 0x0, 0xdc,
    0xeb, 0x0, 0x0, 0xdc, 0xea, 0x0, 0x0, 0xdc,
    0xea, 0x0, 0x0, 0xdc, 0xea, 0x0, 0x0, 0xdc,
    0xea, 0x0, 0x0, 0xdc,

    /* U+0069 "i" */
    0xfa, 0xe9, 0x0, 0x0, 0xfa, 0xfa, 0xfa, 0xfa,
    0xfa, 0xfa, 0xfa, 0xfa, 0xfa,

    /* U+006A "j" */
    0x0, 0x0, 0x6f, 0x30, 0x0, 0x5, 0xf2, 0x0,
    0x0, 0x0, 0x0, 0x0, 0x0, 0x0, 0x0, 0x0,
    0x6f, 0x30, 0x0, 0x6, 0xf3, 0x0, 0x0, 0x6f,
    0x30, 0x0, 0x6, 0xf3, 0x0, 0x0, 0x6f, 0x30,
    0x0, 0x6, 0xf3, 0x0, 0x0, 0x6f, 0x30, 0x0,
    0x6, 0xf3, 0x0, 0x0, 0x6f, 0x22, 0x96, 0x6e,
    0xd0, 0x2d, 0xff, 0xb2, 0x0,

    /* U+006B "k" */
    0xdb, 0x0, 0x0, 0x0, 0xd, 0xb0, 0x0, 0x0,
    0x0, 0xdb, 0x0, 0x0, 0x0, 0xd, 0xb0, 0x0,
    0x0, 0x0, 0xdb, 0x0, 0xc, 0xe2, 0xd, 0xb0,
    0xc, 0xe2, 0x0, 0xdb, 0xc, 0xe2, 0x0, 0xd,
    0xcb, 0xfc, 0x0, 0x0, 0xdf, 0xe6, 0xf6, 0x0,
    0xd, 0xe2, 0xa, 0xe1, 0x0, 0xdb, 0x0, 0x1f,
    0xa0, 0xd, 0xb0, 0x0, 0x8f, 0x30, 0xdb, 0x0,
    0x0, 0xed, 0x0,

    /* U+006C "l" */
    0xdb, 0xdb, 0xdb, 0xdb, 0xdb, 0xdb, 0xdb, 0xdb,
    0xdb, 0xdb, 0xdb, 0xdb, 0xdb,

    /* U+006D "m" */
    0xbe, 0x6e, 0xe4, 0x9f, 0xc1, 0xbf, 0xb5, 0xff,
    0x97, 0xf7, 0xbf, 0x10, 0xee, 0x0, 0xf8, 0xbe,
    0x0, 0xdb, 0x0, 0xf8, 0xbe, 0x0, 0xdb, 0x0,
    0xf8, 0xbe, 0x0, 0xdb, 0x0, 0xf8, 0xbe, 0x0,
    0xdb, 0x0, 0xf8, 0xbe, 0x0, 0xdb, 0x0, 0xf8,
    0xbe, 0x0, 0xdb, 0x0, 0xf8,

    /* U+006E "n" */
    0xea, 0x3c, 0xfe, 0x90, 0xed, 0xe5, 0x17, 0xf7,
    0xef, 0x50, 0x0, 0xeb, 0xee, 0x0, 0x0, 0xdc,
    0xeb, 0x0, 0x0, 0xdc, 0xea, 0x0, 0x0, 0xdc,
    0xea, 0x0, 0x0, 0xdc, 0xea, 0x0, 0x0, 0xdc,
    0xea, 0x0, 0x0, 0xdc,

    /* U+006F "o" */
    0x0, 0x3b, 0xff, 0xa2, 0x0, 0x4, 0xfe, 0x77,
    0xee, 0x20, 0xd, 0xe1, 0x0, 0x2f, 0xb0, 0x2f,
    0x90, 0x0, 0xb, 0xf0, 0x4f, 0x70, 0x0, 0x9,
    0xf1, 0x3f, 0x90, 0x0, 0xb, 0xf0, 0xe, 0xe1,
    0x0, 0x2f, 0xb0, 0x4, 0xfd, 0x77, 0xee, 0x20,
    0x0, 0x3b, 0xff, 0xa2, 0x0,

    /* U+0070 "p" */
    0x1f, 0x9a, 0xff, 0xb2, 0x1, 0xff, 0xb4, 0x5e,
    0xe1, 0x1f, 0xe0, 0x0, 0x4f, 0x81, 0xf9, 0x0,
    0x0, 0xfb, 0x1f, 0x80, 0x0, 0xe, 0xc1, 0xfa,
    0x0, 0x0, 0xfb, 0x1f, 0xf1, 0x0, 0x6f, 0x71,
    0xff, 0xd6, 0x8f, 0xe1, 0x1f, 0x89, 0xef, 0xb2,
    0x1, 0xf8, 0x0, 0x0, 0x0, 0x1f, 0x80, 0x0,
    0x0, 0x0,

    /* U+0071 "q" */
    0x0, 0x6d, 0xfd, 0x4f, 0x90, 0x7f, 0xc6, 0x9f,
    0xf9, 0xf, 0xd0, 0x0, 0x7f, 0x93, 0xf8, 0x0,
    0x1, 0xf9, 0x4f, 0x70, 0x0, 0xf, 0x93, 0xf8,
    0x0, 0x1, 0xf9, 0xf, 0xd0, 0x0, 0x8f, 0x90,
    0x7f, 0xc6, 0x9f, 0xf9, 0x0, 0x6d, 0xfd, 0x4f,
    0x90, 0x0, 0x0, 0x0, 0xf9, 0x0, 0x0, 0x0,
    0xf, 0x90,

    /* U+0072 "r" */
    0xf9, 0x7, 0xdc, 0xf9, 0xbf, 0xa7, 0xff, 0xc1,
    0x0, 0xff, 0x10, 0x0, 0xfa, 0x0, 0x0, 0xf9,
    0x0, 0x0, 0xf9, 0x0, 0x0, 0xf9, 0x0, 0x0,
    0xf9, 0x0, 0x0,

    /* U+0073 "s" */
    0x4, 0xce, 0xeb, 0x30, 0x3f, 0xb5, 0x5c, 0xf1,
    0x7f, 0x20, 0x2, 0x82, 0x4f, 0xc5, 0x20, 0x0,
    0x6, 0xdf, 0xfe, 0x70, 0x0, 0x0, 0x4b, 0xf5,
    0x9c, 0x0, 0x1, 0xf8, 0x6f, 0xa5, 0x5b, 0xf4,
    0x5, 0xce, 0xfc, 0x50,

    /* U+0074 "t" */
    0x0, 0x6, 0x60, 0x0, 0x0, 0x0, 0xcc, 0x0,
    0x0, 0x0, 0xc, 0xc0, 0x0, 0x7, 0xff, 0xff,
    0xff, 0xf0, 0x13, 0x3d, 0xd3, 0x33, 0x0, 0x0,
    0xcc, 0x0, 0x0, 0x0, 0xc, 0xc0, 0x0, 0x0,
    0x0, 0xcc, 0x0, 0x0, 0x0, 0xc, 0xc0, 0x0,
    0x0, 0x0, 0xbd, 0x0, 0x0, 0x0, 0x6, 0xf8,
    0x68, 0x70, 0x0, 0x7, 0xdf, 0xe6,

    /* U+0075 "u" */
    0xea, 0x0, 0x0, 0xdc, 0xea, 0x0, 0x0, 0xdc,
    0xea, 0x0, 0x0, 0xdc, 0xea, 0x0, 0x0, 0xdc,
    0xea, 0x0, 0x0, 0xdc, 0xea, 0x0, 0x0, 0xfc,
    0xdc, 0x0, 0x8, 0xfc, 0x9f, 0x61, 0x7e, 0xec,
    0x1a, 0xef, 0xb2, 0xdc,

    /* U+0076 "v" */
    0x1f, 0x80, 0x0, 0xd, 0xc0, 0xcd, 0x0, 0x2,
    0xf6, 0x6, 0xf3, 0x0, 0x8f, 0x10, 0xf, 0x80,
    0xd, 0xb0, 0x0, 0xae, 0x3, 0xf5, 0x0, 0x4,
    0xf4, 0x9f, 0x0, 0x0, 0xe, 0x9e, 0x90, 0x0,
    0x0, 0x9f, 0xf3, 0x0, 0x0, 0x3, 0xfe, 0x0,
    0x0,

    /* U+0077 "w" */
    0xdc, 0x1, 0xfc, 0x1, 0xf7, 0x9f, 0x4, 0xff,
    0x4, 0xf4, 0x6f, 0x27, 0xbf, 0x27, 0xf1, 0x2f,
    0x4a, 0x8d, 0x59, 0xd0, 0xf, 0x7d, 0x5a, 0x8c,
    0xa0, 0xb, 0xaf, 0x27, 0xbf, 0x60, 0x8, 0xff,
    0x4, 0xff, 0x30, 0x4, 0xfc, 0x1, 0xff, 0x0,
    0x1, 0xf9, 0x0, 0xec, 0x0,

    /* U+0078 "x" */
    0xb, 0xf2, 0x0, 0x6f, 0x60, 0x1f, 0xb0, 0x1f,
    0xb0, 0x0, 0x6f, 0x5a, 0xf1, 0x0, 0x0, 0xbe,
    0xf6, 0x0, 0x0, 0x4, 0xfe, 0x0, 0x0, 0x0,
    0xde, 0xf8, 0x0, 0x0, 0x8f, 0x38, 0xf3, 0x0,
    0x4f, 0x80, 0xd, 0xe0, 0x1e, 0xd0, 0x0, 0x3f,
    0xa0,

    /* U+0079 "y" */
    0x2f, 0x80, 0x0, 0xd, 0xd0, 0xc, 0xe0, 0x0,
    0x3f, 0x70, 0x5, 0xf4, 0x0, 0x9f, 0x10, 0x0,
    0xeb, 0x0, 0xea, 0x0, 0x0, 0x9f, 0x15, 0xf3,
    0x0, 0x0, 0x2f, 0x7b, 0xd0, 0x0, 0x0, 0xc,
    0xef, 0x70, 0x0, 0x0, 0x5, 0xff, 0x10, 0x0,
    0x0, 0x0, 0xfa, 0x0, 0x0, 0x4, 0x7a, 0xf3,
    0x0, 0x0, 0x5, 0xfe, 0x60, 0x0, 0x0,

    /* U+007A "z" */
    0x9f, 0xff, 0xff, 0xf4, 0x13, 0x33, 0x3e, 0xe1,
    0x0, 0x0, 0xaf, 0x40, 0x0, 0x7, 0xf6, 0x0,
    0x0, 0x4f, 0x90, 0x0, 0x2, 0xec, 0x0, 0x0,
    0xd, 0xe1, 0x0, 0x0, 0xaf, 0x73, 0x33, 0x32,
    0xef, 0xff, 0xff, 0xfa,

    /* U+007B "{" */
    0x1, 0xbf, 0x80, 0x7f, 0x30, 0x8, 0xf0, 0x0,
    0x8f, 0x0, 0x8, 0xf0, 0x0, 0x8f, 0x0, 0x8,
    0xf0, 0x0, 0xae, 0x0, 0x8f, 0x80, 0x1, 0xcd,
    0x0, 0x8, 0xf0, 0x0, 0x8f, 0x0, 0x8, 0xf0,
    0x0, 0x8f, 0x0, 0x8, 0xf0, 0x0, 0x7f, 0x30,
    0x1, 0xcf, 0x80,

    /* U+007C "|" */
    0xdb, 0xdb, 0xdb, 0xdb, 0xdb, 0xdb, 0xdb, 0xdb,
    0xdb, 0xdb, 0xdb, 0xdb, 0xdb, 0xdb, 0xdb, 0xdb,
    0xdb, 0xdb, 0xdb,

    /* U+007D "}" */
    0xce, 0x90, 0x0, 0x7f, 0x30, 0x4, 0xf4, 0x0,
    0x4f, 0x40, 0x4, 0xf4, 0x0, 0x4f, 0x40, 0x4,
    0xf4, 0x0, 0x1f, 0x70, 0x0, 0xcf, 0x40, 0x1f,
    0x90, 0x4, 0xf4, 0x0, 0x4f, 0x40, 0x4, 0xf4,
    0x0, 0x4f, 0x40, 0x4, 0xf4, 0x0, 0x6f, 0x30,
    0xce, 0xa0, 0x0,

    /* U+007E "~" */
    0x3, 0x72, 0x0, 0x2, 0x2, 0xff, 0xf5, 0x2,
    0xe0, 0xa8, 0x18, 0xfc, 0xe8, 0x5, 0x0, 0x5,
    0xea, 0x0,

    /* U+4E22 "涓? */
    0x0, 0x0, 0x0, 0x0, 0x0, 0x0, 0x1, 0x54,
    0x0, 0x0, 0x4, 0x44, 0x55, 0x67, 0x9a, 0xce,
    0xff, 0xe1, 0x0, 0x0, 0xdf, 0xff, 0xed, 0xef,
    0x97, 0x64, 0x31, 0x0, 0x0, 0x0, 0x0, 0x0,
    0x9, 0xe0, 0x0, 0x0, 0x0, 0x0, 0x0, 0x0,
    0x0, 0x0, 0x9e, 0x0, 0x0, 0x0, 0x0, 0x0,
    0xf, 0xff, 0xff, 0xff, 0xff, 0xff, 0xff, 0xe0,
    0x0, 0x0, 0x55, 0x44, 0x44, 0xbf, 0x44, 0x44,
    0x55, 0x0, 0x0, 0x0, 0x0, 0x0, 0x9, 0xe0,
    0x0, 0x0, 0x0, 0x0, 0x10, 0x0, 0x0, 0x0,
    0x9e, 0x0, 0x0, 0x0, 0x1, 0xc, 0xff, 0xff,
    0xff, 0xff, 0xff, 0xff, 0xff, 0xff, 0xf0, 0x45,
    0x44, 0x44, 0x4d, 0x74, 0x44, 0x44, 0x44, 0x55,
    0x0, 0x0, 0x0, 0x4, 0xf9, 0x0, 0x0, 0x0,
    0x0, 0x0, 0x0, 0x0, 0x1, 0xec, 0x0, 0x5,
    0xc0, 0x0, 0x0, 0x0, 0x0, 0x0, 0xbd, 0x10,
    0x0, 0x5f, 0xb0, 0x0, 0x0, 0x0, 0x0, 0x9f,
    0x20, 0x0, 0x0, 0x7f, 0x90, 0x0, 0x0, 0x1,
    0xbf, 0x84, 0x45, 0x56, 0x67, 0xef, 0x80, 0x0,
    0x0, 0xf, 0xff, 0xff, 0xff, 0xed, 0xcb, 0xdf,
    0x50, 0x0, 0x0, 0x54, 0x21, 0x0, 0x0, 0x0,
    0x1, 0xc3, 0x0, 0x0, 0x0, 0x0, 0x0, 0x0,
    0x0, 0x0, 0x0, 0x0, 0x0,

    /* U+4E2D "涓? */
    0x0, 0x0, 0x0, 0x3, 0x30, 0x0, 0x0, 0x0,
    0x0, 0x0, 0x0, 0xf, 0xc0, 0x0, 0x0, 0x0,
    0x0, 0x0, 0x0, 0xf, 0xc0, 0x0, 0x0, 0x0,
    0x0, 0x0, 0x0, 0xf, 0xb0, 0x0, 0x0, 0x0,
    0x11, 0x11, 0x11, 0x1f, 0xc1, 0x11, 0x11, 0x10,
    0xaf, 0xff, 0xff, 0xff, 0xff, 0xff, 0xff, 0xf8,
    0x9f, 0x32, 0x22, 0x2e, 0xc2, 0x22, 0x24, 0xf7,
    0x9f, 0x10, 0x0, 0xe, 0xb0, 0x0, 0x3, 0xf7,
    0x9f, 0x10, 0x0, 0xe, 0xb0, 0x0, 0x3, 0xf7,
    0x9f, 0x10, 0x0, 0xe, 0xb0, 0x0, 0x3, 0xf7,
    0x9f, 0x44, 0x44, 0x4f, 0xc4, 0x44, 0x46, 0xf7,
    0x9f, 0xff, 0xff, 0xff, 0xff, 0xff, 0xff, 0xf7,
    0xaf, 0x10, 0x0, 0xe, 0xb0, 0x0, 0x3, 0xf8,
    0x12, 0x0, 0x0, 0xe, 0xb0, 0x0, 0x0, 0x21,
    0x0, 0x0, 0x0, 0xe, 0xb0, 0x0, 0x0, 0x0,
    0x0, 0x0, 0x0, 0xe, 0xb0, 0x0, 0x0, 0x0,
    0x0, 0x0, 0x0, 0xf, 0xb0, 0x0, 0x0, 0x0,
    0x0, 0x0, 0x0, 0xf, 0xc0, 0x0, 0x0, 0x0,
    0x0, 0x0, 0x0, 0xf, 0xc0, 0x0, 0x0, 0x0,

    /* U+4EAE "浜? */
    0x0, 0x0, 0x0, 0x0, 0x30, 0x0, 0x0, 0x0,
    0x0, 0x0, 0x0, 0x0, 0x8, 0xf5, 0x0, 0x0,
    0x0, 0x0, 0x7, 0x66, 0x66, 0x68, 0xfc, 0x66,
    0x66, 0x66, 0x72, 0x1e, 0xee, 0xdd, 0xdd, 0xdd,
    0xdd, 0xdd, 0xde, 0xe4, 0x0, 0x0, 0x0, 0x0,
    0x0, 0x0, 0x0, 0x0, 0x0, 0x0, 0x9, 0xff,
    0xff, 0xff, 0xff, 0xff, 0x60, 0x0, 0x0, 0x9,
    0xf3, 0x22, 0x22, 0x22, 0x6f, 0x60, 0x0, 0x0,
    0x9, 0xf3, 0x22, 0x22, 0x22, 0x7f, 0x60, 0x0,
    0x0, 0x9, 0xff, 0xff, 0xff, 0xff, 0xff, 0x60,
    0x0, 0x0, 0x0, 0x0, 0x0, 0x0, 0x0, 0x0,
    0x0, 0x0, 0x9f, 0xff, 0xff, 0xff, 0xff, 0xff,
    0xff, 0xff, 0xfb, 0x9f, 0x54, 0x44, 0x44, 0x44,
    0x44, 0x44, 0x44, 0xfa, 0xaf, 0x0, 0x1, 0x22,
    0x22, 0x22, 0x0, 0x0, 0xea, 0x0, 0x0, 0xc,
    0xff, 0xff, 0xff, 0x10, 0x0, 0x0, 0x0, 0x0,
    0xd, 0xf0, 0x0, 0x9f, 0x10, 0x0, 0x0, 0x0,
    0x0, 0xf, 0xc0, 0x0, 0x9f, 0x10, 0x0, 0x20,
    0x0, 0x0, 0x7f, 0x70, 0x0, 0x9f, 0x10, 0x0,
    0xe9, 0x3, 0x6c, 0xfc, 0x0, 0x0, 0x8f, 0x84,
    0x46, 0xfa, 0x8, 0xff, 0x80, 0x0, 0x0, 0x2e,
    0xff, 0xff, 0xd2, 0x0, 0x61, 0x0, 0x0, 0x0,
    0x0, 0x0, 0x0, 0x0,

    /* U+4EF6 "浠? */
    0x0, 0x0, 0x5, 0x0, 0x0, 0x0, 0x21, 0x0,
    0x0, 0x0, 0x0, 0x4, 0xf7, 0x0, 0x0, 0xf,
    0x90, 0x0, 0x0, 0x0, 0x0, 0xae, 0x0, 0x85,
    0x0, 0xe9, 0x0, 0x0, 0x0, 0x0, 0x2f, 0x70,
    0xe, 0xb0, 0xe, 0x90, 0x0, 0x0, 0x0, 0xa,
    0xf1, 0x3, 0xf4, 0x0, 0xe9, 0x0, 0x0, 0x0,
    0x3, 0xff, 0x10, 0x8f, 0xff, 0xff, 0xff, 0xff,
    0xc0, 0x0, 0xdf, 0xf1, 0xe, 0xa6, 0x66, 0xfb,
    0x66, 0x65, 0x0, 0xaf, 0x9f, 0x16, 0xf2, 0x0,
    0xe, 0x90, 0x0, 0x0, 0x2e, 0x76, 0xf1, 0xdb,
    0x0, 0x0, 0xe9, 0x0, 0x0, 0x0, 0x30, 0x6f,
    0x10, 0x10, 0x0, 0xe, 0x90, 0x0, 0x0, 0x0,
    0x6, 0xf1, 0x44, 0x44, 0x44, 0xfa, 0x44, 0x44,
    0x40, 0x0, 0x6f, 0x1f, 0xff, 0xff, 0xff, 0xff,
    0xff, 0xff, 0x0, 0x6, 0xf1, 0x21, 0x11, 0x11,
    0xe9, 0x11, 0x11, 0x20, 0x0, 0x6f, 0x10, 0x0,
    0x0, 0xe, 0x90, 0x0, 0x0, 0x0, 0x6, 0xf1,
    0x0, 0x0, 0x0, 0xe9, 0x0, 0x0, 0x0, 0x0,
    0x6f, 0x10, 0x0, 0x0, 0xe, 0x90, 0x0, 0x0,
    0x0, 0x6, 0xf1, 0x0, 0x0, 0x0, 0xe9, 0x0,
    0x0, 0x0, 0x0, 0x6f, 0x10, 0x0, 0x0, 0xf,
    0x90, 0x0, 0x0, 0x0, 0x7, 0xf2, 0x0, 0x0,
    0x0, 0xfa, 0x0, 0x0, 0x0, 0x0, 0x1, 0x0,
    0x0, 0x0, 0x0, 0x0, 0x0, 0x0,

    /* U+4F20 "浼? */
    0x0, 0x0, 0x0, 0x0, 0x0, 0x3, 0x10, 0x0,
    0x0, 0x0, 0x0, 0x2, 0xe6, 0x0, 0x0, 0xfa,
    0x0, 0x0, 0x0, 0x0, 0x0, 0x8f, 0x70, 0x0,
    0x2f, 0x60, 0x0, 0x0, 0x0, 0x0, 0xd, 0xe0,
    0x33, 0x36, 0xf5, 0x33, 0x33, 0x30, 0x0, 0x5,
    0xf7, 0xf, 0xff, 0xff, 0xff, 0xff, 0xfd, 0x0,
    0x0, 0xdf, 0x20, 0x10, 0xa, 0xe0, 0x0, 0x1,
    0x10, 0x0, 0x5f, 0xf2, 0x0, 0x0, 0xcb, 0x0,
    0x0, 0x0, 0x0, 0x1e, 0xff, 0x25, 0x55, 0x5f,
    0xa5, 0x55, 0x55, 0x54, 0xa, 0xf8, 0xf2, 0xff,
    0xff, 0xff, 0xff, 0xff, 0xff, 0xd2, 0xf8, 0x5f,
    0x20, 0x0, 0x6f, 0x10, 0x0, 0x0, 0x0, 0x4,
    0x5, 0xf2, 0x0, 0xb, 0xd2, 0x22, 0x22, 0x20,
    0x0, 0x0, 0x5f, 0x20, 0x0, 0xff, 0xff, 0xff,
    0xfe, 0x0, 0x0, 0x5, 0xf2, 0x0, 0x2, 0x22,
    0x22, 0x7f, 0x70, 0x0, 0x0, 0x5f, 0x20, 0x0,
    0x0, 0x0, 0xb, 0xf1, 0x0, 0x0, 0x5, 0xf2,
    0x0, 0x0, 0xa3, 0x2, 0xf9, 0x0, 0x0, 0x0,
    0x5f, 0x20, 0x0, 0x3f, 0xfb, 0xaf, 0x20, 0x0,
    0x0, 0x5, 0xf2, 0x0, 0x0, 0x19, 0xff, 0xe1,
    0x0, 0x0, 0x0, 0x5f, 0x30, 0x0, 0x0, 0x3,
    0xcf, 0xf6, 0x0, 0x0, 0x7, 0xf3, 0x0, 0x0,
    0x0, 0x0, 0x6f, 0x90, 0x0, 0x0, 0x0, 0x0,
    0x0, 0x0, 0x0, 0x0, 0x21, 0x0,

    /* U+4FE1 "淇? */
    0x0, 0x0, 0x0, 0x0, 0x0, 0x0, 0x0, 0x0,
    0x0, 0x0, 0x0, 0x6, 0xc4, 0x0, 0x0, 0x7d,
    0x0, 0x0, 0x0, 0x0, 0x0, 0xbf, 0x10, 0x0,
    0x4, 0xf4, 0x0, 0x0, 0x0, 0x0, 0x1f, 0xa2,
    0x66, 0x66, 0x6b, 0x76, 0x66, 0x65, 0x0, 0x7,
    0xf4, 0x6e, 0xee, 0xee, 0xee, 0xee, 0xee, 0xe0,
    0x0, 0xef, 0x20, 0x0, 0x0, 0x0, 0x0, 0x0,
    0x0, 0x0, 0x7f, 0xf2, 0x2, 0x76, 0x66, 0x66,
    0x66, 0x66, 0x0, 0x1f, 0xef, 0x20, 0x3d, 0xcc,
    0xcc, 0xcc, 0xcc, 0xa0, 0xb, 0xf7, 0xf2, 0x0,
    0x0, 0x0, 0x0, 0x0, 0x0, 0x0, 0xb8, 0x4f,
    0x20, 0x4f, 0xff, 0xff, 0xff, 0xff, 0xc0, 0x1,
    0x4, 0xf2, 0x1, 0x43, 0x33, 0x33, 0x33, 0x43,
    0x0, 0x0, 0x4f, 0x20, 0x0, 0x0, 0x0, 0x0,
    0x0, 0x0, 0x0, 0x4, 0xf2, 0x1, 0xff, 0xff,
    0xff, 0xff, 0xf9, 0x0, 0x0, 0x4f, 0x20, 0xf,
    0x82, 0x22, 0x22, 0x2d, 0x90, 0x0, 0x4, 0xf2,
    0x0, 0xf7, 0x0, 0x0, 0x0, 0xd9, 0x0, 0x0,
    0x4f, 0x20, 0xf, 0x82, 0x22, 0x22, 0x2d, 0x90,
    0x0, 0x4, 0xf2, 0x0, 0xff, 0xff, 0xff, 0xff,
    0xf9, 0x0, 0x0, 0x5f, 0x20, 0xf, 0x71, 0x11,
    0x11, 0x1d, 0x90, 0x0, 0x6, 0xf3, 0x1, 0xf7,
    0x0, 0x0, 0x0, 0xda, 0x0,

    /* U+516C "鍏? */
    0x0, 0x0, 0x0, 0x0, 0x0, 0x0, 0x10, 0x0,
    0x0, 0x0, 0x0, 0x0, 0x0, 0x15, 0x0, 0xc,
    0xd0, 0x0, 0x0, 0x0, 0x0, 0x0, 0x0, 0x7f,
    0x40, 0x7, 0xf4, 0x0, 0x0, 0x0, 0x0, 0x0,
    0x0, 0xec, 0x0, 0x0, 0xfc, 0x0, 0x0, 0x0,
    0x0, 0x0, 0x7, 0xf4, 0x0, 0x0, 0x7f, 0x40,
    0x0, 0x0, 0x0, 0x0, 0x1f, 0xb0, 0x0, 0x0,
    0xe, 0xd0, 0x0, 0x0, 0x0, 0x0, 0xbf, 0x20,
    0x0, 0x0, 0x5, 0xf8, 0x0, 0x0, 0x0, 0x7,
    0xf7, 0x0, 0x0, 0x0, 0x0, 0x9f, 0x60, 0x0,
    0x0, 0x4f, 0xc0, 0x0, 0x9c, 0x20, 0x0, 0xd,
    0xf6, 0x0, 0x4, 0xfe, 0x10, 0x0, 0xee, 0x0,
    0x0, 0x1, 0xdf, 0xa0, 0xa, 0xf3, 0x0, 0x6,
    0xf5, 0x0, 0x0, 0x0, 0x1c, 0x30, 0x0, 0x20,
    0x0, 0xe, 0xc0, 0x0, 0x0, 0x0, 0x0, 0x0,
    0x0, 0x0, 0x0, 0x7f, 0x30, 0x0, 0x6d, 0x0,
    0x0, 0x0, 0x0, 0x0, 0x1, 0xea, 0x0, 0x0,
    0x4f, 0x90, 0x0, 0x0, 0x0, 0x0, 0xa, 0xf2,
    0x0, 0x0, 0x9, 0xf3, 0x0, 0x0, 0x0, 0x0,
    0x6f, 0x71, 0x24, 0x57, 0x9b, 0xfd, 0x0, 0x0,
    0x0, 0x7, 0xff, 0xff, 0xff, 0xff, 0xca, 0xbf,
    0x70, 0x0, 0x0, 0x4, 0xfd, 0xa7, 0x53, 0x10,
    0x0, 0xe, 0xf1, 0x0, 0x0, 0x0, 0x10, 0x0,
    0x0, 0x0, 0x0, 0x5, 0x60, 0x0,

    /* U+51C6 "鍑? */
    0x0, 0x0, 0x0, 0x0, 0x10, 0x0, 0x20, 0x0,
    0x0, 0x0, 0x0, 0x0, 0x0, 0xa, 0xf3, 0x1f,
    0xb0, 0x0, 0x0, 0x8, 0xa0, 0x0, 0x0, 0xed,
    0x0, 0x5f, 0x90, 0x0, 0x0, 0x8f, 0x90, 0x0,
    0x5f, 0x70, 0x0, 0x61, 0x0, 0x0, 0x0, 0x9f,
    0x80, 0xc, 0xff, 0xff, 0xff, 0xff, 0xff, 0x30,
    0x0, 0xbf, 0x14, 0xff, 0x54, 0x4b, 0xf4, 0x55,
    0x51, 0x0, 0x0, 0x30, 0xcf, 0xf1, 0x0, 0x9f,
    0x0, 0x0, 0x0, 0x0, 0x0, 0x7f, 0xef, 0x10,
    0x9, 0xf0, 0x0, 0x0, 0x0, 0x0, 0xa, 0xd8,
    0xff, 0xff, 0xff, 0xff, 0xfa, 0x0, 0x0, 0x0,
    0x2, 0x7f, 0x54, 0x4b, 0xf4, 0x55, 0x30, 0x0,
    0x9, 0xa0, 0x7, 0xf1, 0x0, 0x9f, 0x0, 0x0,
    0x0, 0x0, 0xeb, 0x0, 0x7f, 0x10, 0x9, 0xf0,
    0x0, 0x0, 0x0, 0x4f, 0x50, 0x7, 0xff, 0xff,
    0xff, 0xff, 0xfa, 0x0, 0xb, 0xe0, 0x0, 0x7f,
    0x32, 0x2a, 0xf2, 0x23, 0x20, 0x4, 0xf8, 0x0,
    0x7, 0xf1, 0x0, 0x9f, 0x0, 0x0, 0x0, 0xcf,
    0x20, 0x0, 0x7f, 0x32, 0x2a, 0xf2, 0x22, 0x32,
    0x1d, 0xb0, 0x0, 0x7, 0xff, 0xff, 0xff, 0xff,
    0xff, 0xc0, 0x1, 0x0, 0x0, 0x8f, 0x43, 0x33,
    0x33, 0x33, 0x43, 0x0, 0x0, 0x0, 0x8, 0xf1,
    0x0, 0x0, 0x0, 0x0, 0x0,

    /* U+51FA "鍑? */
    0x0, 0x0, 0x0, 0x0, 0x0, 0x0, 0x0, 0x0,
    0x0, 0x0, 0x0, 0xf, 0x90, 0x0, 0x0, 0x0,
    0x3, 0x10, 0x0, 0xf, 0x80, 0x0, 0x2, 0x10,
    0x1f, 0x70, 0x0, 0xf, 0x80, 0x0, 0xf, 0x90,
    0x1f, 0x60, 0x0, 0xf, 0x80, 0x0, 0xe, 0x90,
    0x1f, 0x60, 0x0, 0xf, 0x80, 0x0, 0xe, 0x90,
    0x1f, 0x60, 0x0, 0xf, 0x80, 0x0, 0xe, 0x90,
    0x1f, 0x83, 0x33, 0x3f, 0x93, 0x33, 0x3f, 0x90,
    0x1f, 0xff, 0xff, 0xff, 0xff, 0xff, 0xff, 0x90,
    0x1, 0x11, 0x11, 0x1f, 0x91, 0x11, 0x11, 0x10,
    0x43, 0x0, 0x0, 0xf, 0x80, 0x0, 0x1, 0x31,
    0xf9, 0x0, 0x0, 0xf, 0x80, 0x0, 0x4, 0xf5,
    0xe9, 0x0, 0x0, 0xf, 0x80, 0x0, 0x3, 0xf4,
    0xe9, 0x0, 0x0, 0xf, 0x80, 0x0, 0x3, 0xf4,
    0xe9, 0x0, 0x0, 0xf, 0x80, 0x0, 0x3, 0xf4,
    0xe9, 0x0, 0x0, 0xf, 0x80, 0x0, 0x3, 0xf4,
    0xff, 0xee, 0xee, 0xef, 0xfe, 0xee, 0xef, 0xf4,
    0x66, 0x66, 0x66, 0x66, 0x66, 0x66, 0x68, 0xf4,
    0x0, 0x0, 0x0, 0x0, 0x0, 0x0, 0x3, 0xf5,

    /* U+5236 "鍒? */
    0x0, 0x0, 0x0, 0x0, 0x0, 0x0, 0x0, 0x0,
    0x0, 0x0, 0x0, 0x0, 0x9f, 0x20, 0x0, 0x0,
    0x0, 0x7, 0xd1, 0x0, 0xb7, 0x9, 0xf1, 0x0,
    0x0, 0x0, 0x0, 0x8f, 0x10, 0x3f, 0x90, 0x9f,
    0x10, 0x0, 0x1, 0x42, 0x7, 0xf1, 0x8, 0xfd,
    0xce, 0xfc, 0xcc, 0xc1, 0x2f, 0x70, 0x7f, 0x11,
    0xfd, 0x88, 0xcf, 0x88, 0x88, 0x11, 0xf6, 0x7,
    0xf1, 0x2c, 0x40, 0x9, 0xf1, 0x0, 0x0, 0x1f,
    0x60, 0x7f, 0x12, 0x43, 0x33, 0xaf, 0x43, 0x34,
    0x21, 0xf6, 0x7, 0xf1, 0x6f, 0xff, 0xff, 0xff,
    0xff, 0xf9, 0x1f, 0x60, 0x7f, 0x10, 0x0, 0x0,
    0x9f, 0x10, 0x0, 0x1, 0xf6, 0x7, 0xf1, 0x0,
    0x0, 0x9, 0xf1, 0x0, 0x0, 0x1f, 0x60, 0x7f,
    0x10, 0x7e, 0xee, 0xff, 0xee, 0xee, 0x41, 0xf6,
    0x7, 0xf1, 0x7, 0xf6, 0x6b, 0xf6, 0x69, 0xf4,
    0x1f, 0x60, 0x7f, 0x10, 0x7f, 0x10, 0x9f, 0x10,
    0x5f, 0x32, 0xf6, 0x7, 0xf1, 0x7, 0xf1, 0x9,
    0xf1, 0x6, 0xf3, 0x2c, 0x50, 0x7f, 0x10, 0x8f,
    0x10, 0x9f, 0x17, 0xdf, 0x20, 0x0, 0x7, 0xf1,
    0x8, 0xf1, 0x9, 0xf1, 0x8e, 0x80, 0x0, 0x0,
    0xaf, 0x10, 0x1, 0x0, 0x9f, 0x10, 0x0, 0x0,
    0x7, 0xff, 0xf0, 0x0, 0x0, 0x9, 0xf2, 0x0,
    0x0, 0x0, 0x3f, 0xc5, 0x0, 0x0, 0x0, 0x0,
    0x0, 0x0, 0x0, 0x0, 0x0, 0x0,

    /* U+52A8 "鍔? */
    0x0, 0x0, 0x0, 0x0, 0x0, 0x0, 0x3, 0x10,
    0x0, 0x0, 0x0, 0x0, 0x0, 0x0, 0x0, 0x0,
    0xfa, 0x0, 0x0, 0x0, 0x11, 0x0, 0x1, 0x10,
    0x0, 0xf, 0x90, 0x0, 0x0, 0xf, 0xff, 0xff,
    0xff, 0x40, 0x0, 0xf8, 0x0, 0x0, 0x0, 0x55,
    0x44, 0x44, 0x51, 0x0, 0xf, 0x80, 0x0, 0x0,
    0x0, 0x0, 0x0, 0x0, 0x5f, 0xff, 0xff, 0xff,
    0xfc, 0x0, 0x0, 0x0, 0x0, 0x2, 0x66, 0x6f,
    0xb6, 0x6d, 0xc0, 0x66, 0x66, 0x66, 0x66, 0x60,
    0x0, 0xf7, 0x0, 0xbb, 0x1e, 0xee, 0xff, 0xee,
    0xed, 0x0, 0x1f, 0x60, 0xc, 0xa0, 0x0, 0xe,
    0xa0, 0x0, 0x0, 0x2, 0xf4, 0x0, 0xda, 0x0,
    0x3, 0xf4, 0x1, 0x10, 0x0, 0x4f, 0x20, 0xe,
    0x90, 0x0, 0xad, 0x0, 0xe9, 0x0, 0x7, 0xf0,
    0x0, 0xf8, 0x0, 0x1f, 0x60, 0x7, 0xf2, 0x0,
    0xac, 0x0, 0xf, 0x70, 0x9, 0xe0, 0x0, 0x3f,
    0xb0, 0xf, 0x80, 0x0, 0xf7, 0x6, 0xfd, 0xce,
    0xff, 0xff, 0x36, 0xf2, 0x0, 0x1f, 0x60, 0x5f,
    0xd9, 0x74, 0x22, 0xe6, 0xea, 0x0, 0x2, 0xf5,
    0x0, 0x10, 0x0, 0x0, 0x1, 0xce, 0x10, 0x0,
    0x6f, 0x40, 0x0, 0x0, 0x0, 0x1, 0xcf, 0x40,
    0xb, 0xef, 0xe0, 0x0, 0x0, 0x0, 0x0, 0x1b,
    0x70, 0x0, 0x6b, 0x82, 0x0, 0x0, 0x0, 0x0,
    0x0, 0x0, 0x0, 0x0, 0x0, 0x0,

    /* U+5305 "鍖? */
    0x0, 0x0, 0x0, 0x81, 0x0, 0x0, 0x0, 0x0,
    0x0, 0x0, 0x0, 0x0, 0x6, 0xfb, 0x0, 0x0,
    0x0, 0x0, 0x0, 0x0, 0x0, 0x0, 0xd, 0xe1,
    0x0, 0x0, 0x0, 0x0, 0x0, 0x0, 0x0, 0x0,
    0x7f, 0xff, 0xff, 0xff, 0xff, 0xff, 0xc0, 0x0,
    0x0, 0x2, 0xfc, 0x44, 0x44, 0x44, 0x44, 0x4e,
    0xc0, 0x0, 0x0, 0x1d, 0xf2, 0x0, 0x0, 0x0,
    0x0, 0xd, 0xb0, 0x0, 0x0, 0xcf, 0x81, 0x11,
    0x11, 0x11, 0x0, 0xe, 0xb0, 0x0, 0x1c, 0xfa,
    0xff, 0xff, 0xff, 0xff, 0x80, 0xe, 0xa0, 0x0,
    0x9, 0x81, 0xf9, 0x44, 0x44, 0x4f, 0x70, 0xe,
    0xa0, 0x0, 0x0, 0x1, 0xf7, 0x0, 0x0, 0x1f,
    0x70, 0xf, 0x90, 0x0, 0x0, 0x1, 0xf7, 0x0,
    0x0, 0x1f, 0x70, 0xf, 0x90, 0x0, 0x0, 0x1,
    0xff, 0xff, 0xff, 0xff, 0x80, 0xf, 0x80, 0x0,
    0x0, 0x1, 0xfa, 0x66, 0x66, 0x66, 0x30, 0x1f,
    0x80, 0x0, 0x0, 0x1, 0xf7, 0x0, 0x0, 0x0,
    0x12, 0x8f, 0x60, 0x0, 0x0, 0x1, 0xf7, 0x0,
    0x0, 0x0, 0x6f, 0xfe, 0x10, 0x0, 0x0, 0x1,
    0xf7, 0x0, 0x0, 0x0, 0x18, 0x50, 0xb, 0xa1,
    0x0, 0x0, 0xf9, 0x0, 0x0, 0x0, 0x0, 0x0,
    0x1f, 0xe0, 0x0, 0x0, 0xdf, 0x97, 0x66, 0x55,
    0x55, 0x67, 0xdf, 0x70, 0x0, 0x0, 0x2b, 0xdd,
    0xee, 0xff, 0xee, 0xed, 0xc8, 0x0, 0x0, 0x0,
    0x0, 0x0, 0x0, 0x0, 0x0, 0x0, 0x0, 0x0,

    /* U+533A "鍖? */
    0x7, 0x77, 0x77, 0x77, 0x77, 0x77, 0x77, 0x77,
    0x72, 0xf, 0xfe, 0xee, 0xee, 0xee, 0xee, 0xee,
    0xee, 0xe4, 0xf, 0x90, 0x0, 0x0, 0x0, 0x0,
    0x0, 0x0, 0x0, 0xf, 0x90, 0x0, 0x0, 0x0,
    0x0, 0x3, 0x0, 0x0, 0xf, 0x90, 0x3, 0xa0,
    0x0, 0x0, 0xe, 0xe3, 0x0, 0xf, 0x90, 0xa,
    0xfd, 0x30, 0x0, 0x7f, 0x90, 0x0, 0xf, 0x90,
    0x0, 0x7f, 0xf5, 0x3, 0xfd, 0x0, 0x0, 0xf,
    0x90, 0x0, 0x2, 0xdf, 0x8d, 0xf2, 0x0, 0x0,
    0xf, 0x90, 0x0, 0x0, 0x1c, 0xff, 0x70, 0x0,
    0x0, 0xf, 0x90, 0x0, 0x0, 0x7, 0xff, 0xc1,
    0x0, 0x0, 0xf, 0x90, 0x0, 0x0, 0x5f, 0xba,
    0xfd, 0x10, 0x0, 0xf, 0x90, 0x0, 0x4, 0xfc,
    0x0, 0x9f, 0xd1, 0x0, 0xf, 0x90, 0x0, 0x6f,
    0xc0, 0x0, 0x9, 0xfc, 0x0, 0xf, 0x90, 0x3c,
    0xfb, 0x0, 0x0, 0x0, 0xbf, 0x30, 0xf, 0x90,
    0x5f, 0x80, 0x0, 0x0, 0x0, 0x14, 0x0, 0xf,
    0x90, 0x0, 0x0, 0x0, 0x0, 0x0, 0x0, 0x0,
    0xf, 0xb4, 0x44, 0x44, 0x44, 0x44, 0x44, 0x44,
    0x44, 0xf, 0xff, 0xff, 0xff, 0xff, 0xff, 0xff,
    0xff, 0xfd, 0x0, 0x0, 0x0, 0x0, 0x0, 0x0,
    0x0, 0x0, 0x0,

    /* U+5347 "鍗? */
    0x0, 0x0, 0x0, 0x0, 0x0, 0x0, 0x1, 0x0,
    0x0, 0x0, 0x0, 0x0, 0x0, 0x1, 0x8f, 0x50,
    0x2f, 0x90, 0x0, 0x0, 0x0, 0x0, 0x26, 0xbf,
    0xff, 0xa0, 0x1f, 0x80, 0x0, 0x0, 0x0, 0xae,
    0xff, 0xff, 0x60, 0x0, 0x1f, 0x80, 0x0, 0x0,
    0x0, 0x5b, 0x72, 0x7f, 0x20, 0x0, 0x1f, 0x80,
    0x0, 0x0, 0x0, 0x0, 0x0, 0x7f, 0x20, 0x0,
    0x1f, 0x80, 0x0, 0x0, 0x0, 0x0, 0x0, 0x8f,
    0x10, 0x0, 0x1f, 0x80, 0x0, 0x0, 0x0, 0x0,
    0x0, 0x8f, 0x10, 0x0, 0x1f, 0x80, 0x0, 0x0,
    0x6f, 0xff, 0xff, 0xff, 0xff, 0xff, 0xff, 0xff,
    0xff, 0xf6, 0x37, 0x77, 0x77, 0xdf, 0x77, 0x77,
    0x8f, 0xc7, 0x77, 0x83, 0x0, 0x0, 0x0, 0xce,
    0x0, 0x0, 0x1f, 0x80, 0x0, 0x0, 0x0, 0x0,
    0x1, 0xfb, 0x0, 0x0, 0x1f, 0x80, 0x0, 0x0,
    0x0, 0x0, 0x7, 0xf6, 0x0, 0x0, 0x1f, 0x80,
    0x0, 0x0, 0x0, 0x0, 0x2f, 0xe0, 0x0, 0x0,
    0x1f, 0x80, 0x0, 0x0, 0x0, 0x0, 0xcf, 0x50,
    0x0, 0x0, 0x1f, 0x80, 0x0, 0x0, 0x0, 0xb,
    0xf9, 0x0, 0x0, 0x0, 0x1f, 0x80, 0x0, 0x0,
    0x1, 0xcf, 0xb0, 0x0, 0x0, 0x0, 0x1f, 0x80,
    0x0, 0x0, 0x1e, 0xfa, 0x0, 0x0, 0x0, 0x0,
    0x1f, 0x90, 0x0, 0x0, 0x3, 0x70, 0x0, 0x0,
    0x0, 0x0, 0x2f, 0x90, 0x0, 0x0,

    /* U+534F "鍗? */
    0x0, 0x0, 0x0, 0x0, 0x0, 0x0, 0x0, 0x0,
    0x0, 0x0, 0x0, 0xc, 0xa0, 0x0, 0x0, 0x3f,
    0x70, 0x0, 0x0, 0x0, 0x0, 0xe, 0xb0, 0x0,
    0x0, 0x2f, 0x70, 0x0, 0x0, 0x0, 0x0, 0xd,
    0xb0, 0x0, 0x0, 0x2f, 0x60, 0x0, 0x0, 0x0,
    0x0, 0xd, 0xb0, 0x0, 0x0, 0x2f, 0x60, 0x0,
    0x0, 0x0, 0x0, 0xd, 0xb0, 0x3, 0xff, 0xff,
    0xff, 0xff, 0x70, 0x0, 0x5e, 0xdf, 0xfd, 0xe4,
    0x55, 0x7f, 0x84, 0x6f, 0x60, 0x0, 0x26, 0x6e,
    0xd6, 0x61, 0x0, 0x5f, 0x30, 0x3f, 0x40, 0x0,
    0x0, 0xd, 0xb0, 0x0, 0x0, 0x6f, 0x20, 0x4f,
    0x32, 0x0, 0x0, 0xd, 0xb0, 0x9, 0xe1, 0x9f,
    0x0, 0x5f, 0x7f, 0x30, 0x0, 0xd, 0xb0, 0xe,
    0xb0, 0xcd, 0x0, 0x6f, 0x2f, 0xa0, 0x0, 0xd,
    0xb0, 0x3f, 0x50, 0xf9, 0x0, 0x7f, 0xa, 0xf1,
    0x0, 0xd, 0xb0, 0x8f, 0x5, 0xf5, 0x0, 0x8f,
    0x4, 0xb1, 0x0, 0xd, 0xb0, 0x2, 0xc, 0xf1,
    0x0, 0x9e, 0x0, 0x0, 0x0, 0xd, 0xb0, 0x0,
    0x5f, 0xa0, 0x0, 0x9d, 0x0, 0x0, 0x0, 0xd,
    0xb0, 0x1, 0xef, 0x20, 0x0, 0xbc, 0x0, 0x0,
    0x0, 0xd, 0xb0, 0xb, 0xf8, 0x0, 0x68, 0xfa,
    0x0, 0x0, 0x0, 0xd, 0xb0, 0xbf, 0xc0, 0x0,
    0xaf, 0xd2, 0x0, 0x0, 0x0, 0xe, 0xc0, 0x8,
    0x10, 0x0, 0x22, 0x0, 0x0, 0x0,

    /* U+5357 "鍗? */
    0x0, 0x0, 0x0, 0x0, 0x44, 0x0, 0x0, 0x0,
    0x0, 0x0, 0x0, 0x0, 0x0, 0xbf, 0x0, 0x0,
    0x0, 0x0, 0x23, 0x22, 0x22, 0x22, 0xdc, 0x22,
    0x22, 0x22, 0x23, 0x9f, 0xff, 0xff, 0xff, 0xff,
    0xff, 0xff, 0xff, 0xfe, 0x12, 0x10, 0x0, 0x2,
    0xf7, 0x0, 0x0, 0x0, 0x11, 0x0, 0x0, 0x0,
    0x4, 0xf4, 0x0, 0x0, 0x0, 0x0, 0x1f, 0xff,
    0xff, 0xff, 0xff, 0xff, 0xff, 0xff, 0xf1, 0x1f,
    0xa3, 0x33, 0x53, 0x33, 0x34, 0x33, 0x3b, 0xf0,
    0xf, 0x80, 0x8, 0xe1, 0x0, 0x3f, 0x60, 0xa,
    0xf0, 0xf, 0x80, 0x1, 0xea, 0x0, 0xce, 0x10,
    0xa, 0xf0, 0xf, 0x80, 0x43, 0x63, 0x26, 0xf7,
    0x23, 0xa, 0xf0, 0xf, 0x80, 0xef, 0xff, 0xff,
    0xff, 0xfe, 0xa, 0xf0, 0xf, 0x80, 0x0, 0x0,
    0xcc, 0x0, 0x0, 0xa, 0xf0, 0xf, 0x83, 0x65,
    0x44, 0xdd, 0x44, 0x45, 0x2a, 0xf0, 0xf, 0x88,
    0xff, 0xff, 0xff, 0xff, 0xff, 0x7a, 0xf0, 0xf,
    0x80, 0x0, 0x0, 0xcc, 0x0, 0x0, 0xa, 0xf0,
    0xf, 0x80, 0x0, 0x0, 0xcc, 0x0, 0x0, 0xa,
    0xf0, 0x1f, 0x80, 0x0, 0x0, 0xdd, 0x0, 0x5,
    0x9e, 0xe0, 0x1f, 0x80, 0x0, 0x0, 0x44, 0x0,
    0x3, 0xfc, 0x40, 0x0, 0x0, 0x0, 0x0, 0x0,
    0x0, 0x0, 0x0, 0x0,

    /* U+538B "鍘? */
    0x0, 0x17, 0x77, 0x77, 0x77, 0x77, 0x77, 0x77,
    0x78, 0x0, 0x1, 0xff, 0xff, 0xff, 0xff, 0xff,
    0xff, 0xff, 0xf0, 0x0, 0xf, 0x90, 0x0, 0x0,
    0x0, 0x0, 0x0, 0x0, 0x0, 0x0, 0xf9, 0x0,
    0x0, 0xa, 0xf0, 0x0, 0x0, 0x0, 0x0, 0xf,
    0x90, 0x0, 0x0, 0xaf, 0x0, 0x0, 0x0, 0x0,
    0x0, 0xf9, 0x0, 0x0, 0xa, 0xe0, 0x0, 0x0,
    0x0, 0x0, 0xf, 0x90, 0x0, 0x0, 0xae, 0x0,
    0x0, 0x0, 0x0, 0x0, 0xf9, 0x19, 0x88, 0x8d,
    0xf8, 0x88, 0x88, 0x10, 0x0, 0xf, 0x82, 0xff,
    0xff, 0xff, 0xff, 0xff, 0xf2, 0x0, 0x0, 0xf8,
    0x1, 0x0, 0xa, 0xe0, 0x0, 0x1, 0x0, 0x0,
    0x1f, 0x70, 0x0, 0x0, 0xae, 0x2, 0x80, 0x0,
    0x0, 0x3, 0xf6, 0x0, 0x0, 0xa, 0xe0, 0x7f,
    0x60, 0x0, 0x0, 0x6f, 0x30, 0x0, 0x0, 0xae,
    0x0, 0xdf, 0x20, 0x0, 0x9, 0xf0, 0x0, 0x0,
    0xa, 0xe0, 0x5, 0xb2, 0x0, 0x0, 0xfb, 0x0,
    0x0, 0x0, 0xae, 0x0, 0x0, 0x0, 0x0, 0x7f,
    0x64, 0x98, 0x88, 0x8d, 0xf8, 0x88, 0x88, 0x93,
    0x1f, 0xf0, 0x6f, 0xff, 0xff, 0xff, 0xff, 0xff,
    0xff, 0x50, 0x78, 0x0, 0x0, 0x0, 0x0, 0x0,
    0x0, 0x0, 0x0, 0x0, 0x0, 0x0, 0x0, 0x0,
    0x0, 0x0, 0x0, 0x0, 0x0,

    /* U+539F "鍘? */
    0x0, 0x4, 0x44, 0x44, 0x44, 0x44, 0x44, 0x44,
    0x45, 0x0, 0x0, 0xff, 0xff, 0xff, 0xff, 0xff,
    0xff, 0xff, 0xf0, 0x0, 0xe, 0xa0, 0x0, 0x0,
    0x95, 0x0, 0x0, 0x0, 0x0, 0x0, 0xea, 0x0,
    0x0, 0xf, 0x80, 0x0, 0x0, 0x0, 0x0, 0xe,
    0xa0, 0x25, 0x57, 0xf7, 0x55, 0x55, 0x50, 0x0,
    0x0, 0xea, 0x6, 0xfd, 0xdd, 0xdd, 0xdd, 0xff,
    0x0, 0x0, 0xe, 0xa0, 0x6f, 0x10, 0x0, 0x0,
    0xa, 0xe0, 0x0, 0x0, 0xea, 0x6, 0xfe, 0xee,
    0xee, 0xee, 0xfe, 0x0, 0x0, 0xe, 0xa0, 0x6f,
    0x54, 0x44, 0x44, 0x4b, 0xe0, 0x0, 0x0, 0xf9,
    0x6, 0xf1, 0x0, 0x0, 0x0, 0xae, 0x0, 0x0,
    0xf, 0x80, 0x7f, 0xff, 0xff, 0xff, 0xff, 0xf0,
    0x0, 0x3, 0xf6, 0x2, 0x44, 0x45, 0xfa, 0x44,
    0x44, 0x0, 0x0, 0x5f, 0x40, 0x2, 0x10, 0xf,
    0x80, 0x12, 0x0, 0x0, 0xa, 0xf1, 0x0, 0xcd,
    0x0, 0xf8, 0xb, 0xe2, 0x0, 0x0, 0xec, 0x0,
    0xaf, 0x50, 0xf, 0x80, 0x2e, 0xe3, 0x0, 0x6f,
    0x61, 0xaf, 0x60, 0x1, 0xf8, 0x0, 0x1d, 0xe2,
    0x1e, 0xe0, 0x2e, 0x60, 0xc, 0xff, 0x70, 0x0,
    0x1a, 0x0, 0x35, 0x0, 0x0, 0x0, 0x7b, 0x80,
    0x0, 0x0, 0x0,

    /* U+53D1 "鍙? */
    0x0, 0x0, 0x10, 0x0, 0xb, 0x60, 0x8, 0x20,
    0x0, 0x0, 0x0, 0xe, 0xa0, 0x2, 0xf8, 0x1,
    0xed, 0x10, 0x0, 0x0, 0x2, 0xf7, 0x0, 0x5f,
    0x30, 0x3, 0xfc, 0x0, 0x0, 0x0, 0x6f, 0x10,
    0x9, 0xe0, 0x0, 0x7, 0xc1, 0x0, 0x0, 0x1d,
    0xb2, 0x22, 0xdc, 0x22, 0x22, 0x23, 0x23, 0x0,
    0x7, 0xff, 0xff, 0xff, 0xff, 0xff, 0xff, 0xff,
    0xf3, 0x0, 0x16, 0x43, 0x28, 0xf4, 0x22, 0x22,
    0x22, 0x23, 0x0, 0x0, 0x0, 0x0, 0xdc, 0x0,
    0x0, 0x0, 0x0, 0x0, 0x0, 0x0, 0x0, 0x4f,
    0x94, 0x44, 0x44, 0x44, 0x20, 0x0, 0x0, 0x0,
    0xd, 0xff, 0xff, 0xff, 0xff, 0xf3, 0x0, 0x0,
    0x0, 0x7, 0xff, 0xb0, 0x0, 0x0, 0xdb, 0x0,
    0x0, 0x0, 0x4, 0xfc, 0x4f, 0x60, 0x0, 0x7f,
    0x20, 0x0, 0x0, 0x3, 0xfe, 0x10, 0x8f, 0x30,
    0x4f, 0x60, 0x0, 0x0, 0x4, 0xfe, 0x20, 0x0,
    0xce, 0x6f, 0x90, 0x0, 0x0, 0x8, 0xfd, 0x10,
    0x0, 0x1, 0xff, 0xb0, 0x0, 0x0, 0x0, 0x4a,
    0x0, 0x0, 0x17, 0xef, 0xdf, 0xa4, 0x0, 0x0,
    0x0, 0x0, 0x36, 0xbf, 0xf9, 0x10, 0x6e, 0xfe,
    0xa7, 0x20, 0x0, 0xd, 0xfc, 0x71, 0x0, 0x0,
    0x5, 0xaf, 0xf1, 0x0, 0x0, 0x21, 0x0, 0x0,
    0x0, 0x0, 0x0, 0x1, 0x0,

    /* U+53D8 "鍙? */
    0x0, 0x0, 0x0, 0x0, 0x41, 0x0, 0x0, 0x0,
    0x0, 0x0, 0x0, 0x0, 0x5, 0xf7, 0x0, 0x0,
    0x0, 0x0, 0x0, 0x0, 0x0, 0x0, 0xde, 0x0,
    0x0, 0x0, 0x0, 0xaf, 0xff, 0xff, 0xff, 0xff,
    0xff, 0xff, 0xff, 0xfb, 0x46, 0x55, 0x55, 0xfb,
    0x55, 0xcf, 0x55, 0x56, 0x64, 0x0, 0x3a, 0x10,
    0xf9, 0x0, 0xae, 0x2, 0x60, 0x0, 0x0, 0xdf,
    0x50, 0xf9, 0x0, 0xae, 0xc, 0xf7, 0x0, 0x9,
    0xf7, 0x0, 0xf9, 0x0, 0xae, 0x1, 0xdf, 0x70,
    0x7f, 0xa0, 0x0, 0xf9, 0x0, 0xaf, 0x0, 0x1d,
    0xf5, 0x29, 0x0, 0x0, 0xfa, 0x0, 0xbf, 0x0,
    0x2, 0x80, 0x0, 0x33, 0x22, 0x75, 0x22, 0x57,
    0x22, 0x20, 0x0, 0x0, 0xef, 0xff, 0xff, 0xff,
    0xff, 0xff, 0xc0, 0x0, 0x0, 0x11, 0x7f, 0x51,
    0x11, 0x12, 0xee, 0x10, 0x0, 0x0, 0x0, 0x9,
    0xf3, 0x0, 0x1d, 0xf3, 0x0, 0x0, 0x0, 0x0,
    0x0, 0xaf, 0x62, 0xde, 0x30, 0x0, 0x0, 0x0,
    0x0, 0x0, 0x9, 0xff, 0xd2, 0x0, 0x0, 0x0,
    0x0, 0x0, 0x15, 0xaf, 0xed, 0xfc, 0x74, 0x10,
    0x0, 0x49, 0xbe, 0xff, 0xb5, 0x0, 0x5b, 0xff,
    0xff, 0xd6, 0x2f, 0xd9, 0x51, 0x0, 0x0, 0x0,
    0x15, 0x9c, 0xc0, 0x0, 0x0, 0x0, 0x0, 0x0,
    0x0, 0x0, 0x0, 0x0,

    /* U+53F7 "鍙? */
    0x0, 0x3, 0x44, 0x44, 0x44, 0x44, 0x44, 0x20,
    0x0, 0x0, 0xb, 0xff, 0xff, 0xff, 0xff, 0xff,
    0x90, 0x0, 0x0, 0xa, 0xd0, 0x0, 0x0, 0x0,
    0xf, 0x80, 0x0, 0x0, 0xa, 0xd0, 0x0, 0x0,
    0x0, 0xf, 0x80, 0x0, 0x0, 0xa, 0xd2, 0x22,
    0x22, 0x22, 0x2f, 0x90, 0x0, 0x0, 0xb, 0xff,
    0xff, 0xff, 0xff, 0xff, 0x90, 0x0, 0x0, 0x0,
    0x11, 0x11, 0x11, 0x11, 0x11, 0x0, 0x0, 0x33,
    0x33, 0x33, 0x33, 0x33, 0x33, 0x33, 0x33, 0x33,
    0xef, 0xff, 0xff, 0xff, 0xff, 0xff, 0xff, 0xff,
    0xfb, 0x11, 0x10, 0x2f, 0x70, 0x0, 0x0, 0x0,
    0x0, 0x11, 0x0, 0x0, 0x5f, 0x20, 0x0, 0x0,
    0x0, 0x0, 0x0, 0x0, 0x0, 0xaf, 0x66, 0x66,
    0x66, 0x66, 0x60, 0x0, 0x0, 0x0, 0xef, 0xff,
    0xff, 0xff, 0xff, 0xe0, 0x0, 0x0, 0x0, 0x0,
    0x0, 0x0, 0x0, 0xe, 0xc0, 0x0, 0x0, 0x0,
    0x0, 0x0, 0x0, 0x0, 0xf, 0x90, 0x0, 0x0,
    0x0, 0x0, 0x0, 0x0, 0x0, 0x5f, 0x60, 0x0,
    0x0, 0x0, 0x0, 0x0, 0x7a, 0xab, 0xff, 0x20,
    0x0, 0x0, 0x0, 0x0, 0x0, 0x4f, 0xfd, 0xb4,
    0x0, 0x0, 0x0, 0x0, 0x0, 0x0, 0x0, 0x0,
    0x0, 0x0, 0x0,

    /* U+540E "鍚? */
    0x0, 0x0, 0x0, 0x0, 0x0, 0x0, 0x13, 0x6a,
    0x50, 0x0, 0x0, 0x35, 0x67, 0x89, 0xbd, 0xff,
    0xff, 0xfd, 0x0, 0x0, 0xa, 0xfe, 0xdd, 0xca,
    0x97, 0x54, 0x20, 0x0, 0x0, 0x0, 0xae, 0x0,
    0x0, 0x0, 0x0, 0x0, 0x0, 0x0, 0x0, 0xa,
    0xe0, 0x0, 0x0, 0x0, 0x0, 0x0, 0x0, 0x0,
    0x0, 0xbf, 0x88, 0x88, 0x88, 0x88, 0x88, 0x88,
    0x96, 0x0, 0xb, 0xfe, 0xee, 0xee, 0xee, 0xee,
    0xee, 0xee, 0xa0, 0x0, 0xbd, 0x0, 0x0, 0x0,
    0x0, 0x0, 0x0, 0x0, 0x0, 0xd, 0xc0, 0x0,
    0x0, 0x0, 0x0, 0x0, 0x0, 0x0, 0x0, 0xeb,
    0x9, 0xff, 0xff, 0xff, 0xff, 0xff, 0x10, 0x0,
    0xf, 0x90, 0x9f, 0x66, 0x66, 0x66, 0x6a, 0xf0,
    0x0, 0x3, 0xf7, 0x9, 0xe0, 0x0, 0x0, 0x0,
    0x7f, 0x0, 0x0, 0x6f, 0x30, 0x9e, 0x0, 0x0,
    0x0, 0x7, 0xf0, 0x0, 0xa, 0xf0, 0x9, 0xe0,
    0x0, 0x0, 0x0, 0x7f, 0x0, 0x2, 0xfb, 0x0,
    0x9e, 0x22, 0x22, 0x22, 0x28, 0xf0, 0x0, 0xbf,
    0x50, 0x9, 0xff, 0xff, 0xff, 0xff, 0xff, 0x0,
    0x8, 0xd0, 0x0, 0x9e, 0x11, 0x11, 0x11, 0x17,
    0xf1, 0x0, 0x0, 0x0, 0x9, 0xe0, 0x0, 0x0,
    0x0, 0x7f, 0x20, 0x0, 0x0, 0x0, 0x12, 0x0,
    0x0, 0x0, 0x0, 0x0, 0x0,

    /* U+5668 "鍣? */
    0x0, 0xee, 0xee, 0xee, 0x3, 0xee, 0xee, 0xee,
    0x40, 0x0, 0xf, 0x72, 0x26, 0xf0, 0x3f, 0x42,
    0x23, 0xf4, 0x0, 0x0, 0xf5, 0x0, 0x4f, 0x2,
    0xf2, 0x0, 0x1f, 0x30, 0x0, 0xf, 0x73, 0x37,
    0xf0, 0x3f, 0x53, 0x34, 0xf4, 0x0, 0x0, 0xee,
    0xee, 0xee, 0x3, 0xee, 0xee, 0xee, 0x40, 0x0,
    0x0, 0x0, 0x0, 0xd, 0x90, 0x8, 0x70, 0x0,
    0x0, 0x5, 0x54, 0x44, 0x46, 0xfb, 0x44, 0x9d,
    0x54, 0x53, 0x1, 0xee, 0xee, 0xee, 0xff, 0xff,
    0xee, 0xee, 0xee, 0x80, 0x0, 0x0, 0x0, 0x6f,
    0xa8, 0xf8, 0x0, 0x0, 0x0, 0x0, 0x0, 0x37,
    0xdf, 0x80, 0x6, 0xff, 0xb7, 0x54, 0x40, 0x9f,
    0xff, 0xe9, 0x20, 0x0, 0x2, 0x9e, 0xff, 0xfd,
    0x3, 0xaa, 0x73, 0x33, 0x30, 0x3, 0x33, 0x35,
    0x87, 0x40, 0x0, 0xff, 0xff, 0xff, 0x2, 0xff,
    0xff, 0xff, 0x40, 0x0, 0xf, 0x50, 0x4, 0xf0,
    0x2f, 0x20, 0x1, 0xf3, 0x0, 0x0, 0xf5, 0x0,
    0x4f, 0x1, 0xf2, 0x0, 0x1f, 0x30, 0x0, 0xf,
    0xff, 0xff, 0xf0, 0x1f, 0xff, 0xff, 0xf3, 0x0,
    0x0, 0xf6, 0x22, 0x6f, 0x2, 0xf4, 0x22, 0x3f,
    0x30, 0x0, 0xf, 0x50, 0x4, 0xf0, 0x2f, 0x20,
    0x1, 0xf4, 0x0, 0x0, 0x10, 0x0, 0x0, 0x0,
    0x0, 0x0, 0x1, 0x0, 0x0,

    /* U+56FA "鍥? */
    0x7, 0x77, 0x77, 0x77, 0x77, 0x77, 0x77, 0x77,
    0x71, 0x1f, 0xfe, 0xee, 0xee, 0xee, 0xee, 0xee,
    0xef, 0xf3, 0xf, 0x70, 0x0, 0x0, 0x1, 0x0,
    0x0, 0x5, 0xf3, 0xf, 0x70, 0x0, 0x0, 0x8f,
    0x0, 0x0, 0x5, 0xf3, 0xf, 0x70, 0x0, 0x0,
    0x8f, 0x0, 0x0, 0x5, 0xf2, 0xf, 0x70, 0xff,
    0xff, 0xff, 0xff, 0xff, 0x55, 0xf2, 0xf, 0x70,
    0x66, 0x66, 0xbf, 0x66, 0x66, 0x25, 0xf2, 0xf,
    0x70, 0x0, 0x0, 0x8f, 0x0, 0x0, 0x5, 0xf2,
    0xf, 0x70, 0x3, 0x44, 0xaf, 0x44, 0x41, 0x5,
    0xf2, 0xf, 0x70, 0xe, 0xff, 0xff, 0xff, 0xf6,
    0x5, 0xf2, 0xf, 0x70, 0xe, 0x91, 0x11, 0x13,
    0xf5, 0x5, 0xf2, 0xf, 0x70, 0xd, 0x80, 0x0,
    0x2, 0xf5, 0x5, 0xf2, 0xf, 0x70, 0xe, 0xb5,
    0x55, 0x57, 0xf6, 0x5, 0xf2, 0xf, 0x70, 0xe,
    0xff, 0xff, 0xff, 0xf6, 0x5, 0xf2, 0xf, 0x70,
    0x0, 0x0, 0x0, 0x0, 0x0, 0x5, 0xf3, 0xf,
    0xb7, 0x77, 0x77, 0x77, 0x77, 0x77, 0x79, 0xf3,
    0xf, 0xff, 0xff, 0xff, 0xff, 0xff, 0xff, 0xff,
    0xf3, 0x1f, 0x70, 0x0, 0x0, 0x0, 0x0, 0x0,
    0x5, 0xf3, 0x2, 0x10, 0x0, 0x0, 0x0, 0x0,
    0x0, 0x0, 0x0,

    /* U+5927 "澶? */
    0x0, 0x0, 0x0, 0x0, 0x0, 0x0, 0x0, 0x0,
    0x0, 0x0, 0x0, 0x0, 0x0, 0x0, 0xfe, 0x0,
    0x0, 0x0, 0x0, 0x0, 0x0, 0x0, 0x0, 0xe,
    0xd0, 0x0, 0x0, 0x0, 0x0, 0x0, 0x0, 0x0,
    0x0, 0xeb, 0x0, 0x0, 0x0, 0x0, 0x0, 0x0,
    0x0, 0x0, 0xe, 0xb0, 0x0, 0x0, 0x0, 0x0,
    0x0, 0x0, 0x0, 0x0, 0xea, 0x0, 0x0, 0x0,
    0x0, 0x3, 0xba, 0x99, 0x99, 0x9f, 0xd9, 0x99,
    0x99, 0xab, 0x60, 0x4e, 0xee, 0xee, 0xee, 0xff,
    0xee, 0xee, 0xee, 0xe7, 0x0, 0x0, 0x0, 0x0,
    0x2f, 0xe0, 0x0, 0x0, 0x0, 0x0, 0x0, 0x0,
    0x0, 0x6, 0xff, 0x40, 0x0, 0x0, 0x0, 0x0,
    0x0, 0x0, 0x0, 0xcd, 0xdc, 0x0, 0x0, 0x0,
    0x0, 0x0, 0x0, 0x0, 0x4f, 0x64, 0xf5, 0x0,
    0x0, 0x0, 0x0, 0x0, 0x0, 0xd, 0xe0, 0xb,
    0xe1, 0x0, 0x0, 0x0, 0x0, 0x0, 0x9, 0xf4,
    0x0, 0x1f, 0xc0, 0x0, 0x0, 0x0, 0x0, 0x9,
    0xf8, 0x0, 0x0, 0x4f, 0xc1, 0x0, 0x0, 0x0,
    0x2c, 0xfa, 0x0, 0x0, 0x0, 0x7f, 0xd3, 0x0,
    0x2, 0x9f, 0xf9, 0x0, 0x0, 0x0, 0x0, 0x7f,
    0xf8, 0x11, 0xef, 0xe4, 0x0, 0x0, 0x0, 0x0,
    0x0, 0x5f, 0xf7, 0x3, 0x91, 0x0, 0x0, 0x0,
    0x0, 0x0, 0x0, 0x17, 0x0,

    /* U+5931 "澶? */
    0x0, 0x0, 0x0, 0x0, 0x10, 0x0, 0x0, 0x0,
    0x0, 0x0, 0x0, 0x0, 0x0, 0xfc, 0x0, 0x0,
    0x0, 0x0, 0x0, 0x7, 0x60, 0x0, 0xea, 0x0,
    0x0, 0x0, 0x0, 0x0, 0xd, 0xd0, 0x0, 0xea,
    0x0, 0x0, 0x0, 0x0, 0x0, 0x3f, 0x50, 0x0,
    0xe9, 0x0, 0x0, 0x0, 0x0, 0x0, 0xbf, 0xff,
    0xff, 0xff, 0xff, 0xff, 0xff, 0x0, 0x4, 0xf9,
    0x66, 0x66, 0xfc, 0x66, 0x66, 0x66, 0x0, 0xd,
    0xd0, 0x0, 0x0, 0xf8, 0x0, 0x0, 0x0, 0x0,
    0x5f, 0x40, 0x0, 0x0, 0xf8, 0x0, 0x0, 0x0,
    0x0, 0x1, 0x0, 0x0, 0x1, 0xf7, 0x0, 0x0,
    0x0, 0x0, 0xdf, 0xff, 0xff, 0xff, 0xff, 0xff,
    0xff, 0xff, 0xf2, 0x56, 0x66, 0x66, 0x6b, 0xff,
    0x86, 0x66, 0x66, 0x61, 0x0, 0x0, 0x0, 0xe,
    0xce, 0xb0, 0x0, 0x0, 0x0, 0x0, 0x0, 0x0,
    0x9f, 0x35, 0xf8, 0x0, 0x0, 0x0, 0x0, 0x0,
    0x8, 0xf7, 0x0, 0x8f, 0xa1, 0x0, 0x0, 0x0,
    0x1, 0xbf, 0x90, 0x0, 0x7, 0xff, 0x81, 0x0,
    0x1, 0x7f, 0xf7, 0x0, 0x0, 0x0, 0x3d, 0xff,
    0xb4, 0x8f, 0xfc, 0x30, 0x0, 0x0, 0x0, 0x0,
    0x6e, 0xf2, 0x2c, 0x50, 0x0, 0x0, 0x0, 0x0,
    0x0, 0x0, 0x30,

    /* U+59CB "濮? */
    0x0, 0x2, 0x10, 0x0, 0x0, 0x0, 0x0, 0x0,
    0x0, 0x0, 0x0, 0x8f, 0x20, 0x0, 0x0, 0x7e,
    0x40, 0x0, 0x0, 0x0, 0x9, 0xd0, 0x0, 0x0,
    0xd, 0xe1, 0x0, 0x0, 0x0, 0x0, 0xba, 0x0,
    0x0, 0x4, 0xf5, 0x0, 0x0, 0x0, 0x3, 0x2e,
    0x92, 0x21, 0x0, 0xcb, 0x0, 0x4e, 0x20, 0x2,
    0xff, 0xff, 0xff, 0xc0, 0x5f, 0x20, 0x2, 0xed,
    0x0, 0x5, 0x7f, 0x64, 0xda, 0x2f, 0x60, 0x0,
    0x5, 0xfb, 0x0, 0x6, 0xf0, 0xd, 0x8d, 0xfe,
    0xee, 0xff, 0xff, 0xf8, 0x0, 0xab, 0x0, 0xf5,
    0x6c, 0x96, 0x53, 0x21, 0xa, 0x60, 0xe, 0x80,
    0x3f, 0x20, 0x0, 0x0, 0x0, 0x0, 0x0, 0x2,
    0xf4, 0x8, 0xe0, 0x5, 0x66, 0x66, 0x66, 0x64,
    0x0, 0x6f, 0x40, 0xca, 0x0, 0xef, 0xff, 0xff,
    0xff, 0xa0, 0x2, 0xcf, 0xaf, 0x50, 0xd, 0xa0,
    0x0, 0x0, 0xea, 0x0, 0x0, 0x7f, 0xf2, 0x0,
    0xda, 0x0, 0x0, 0xe, 0xa0, 0x0, 0x2, 0xff,
    0xe2, 0xd, 0xa0, 0x0, 0x0, 0xea, 0x0, 0x0,
    0xcd, 0x2d, 0xf2, 0xda, 0x0, 0x0, 0xe, 0xa0,
    0x0, 0x9f, 0x30, 0x28, 0xd, 0xff, 0xff, 0xff,
    0xfa, 0x0, 0x9f, 0x70, 0x0, 0x0, 0xdc, 0x55,
    0x55, 0x5f, 0xa0, 0x9, 0x90, 0x0, 0x0, 0xe,
    0xa0, 0x0, 0x0, 0xeb, 0x0, 0x0, 0x0, 0x0,
    0x0, 0x10, 0x0, 0x0, 0x0, 0x0,

    /* U+5B9A "瀹? */
    0x0, 0x0, 0x0, 0x0, 0x4, 0x0, 0x0, 0x0,
    0x0, 0x0, 0x0, 0x0, 0x0, 0x6, 0xf6, 0x0,
    0x0, 0x0, 0x0, 0x0, 0x0, 0x0, 0x0, 0xd,
    0xe0, 0x0, 0x0, 0x0, 0x0, 0x3, 0x44, 0x44,
    0x44, 0x87, 0x44, 0x44, 0x44, 0x40, 0x0, 0xaf,
    0xff, 0xff, 0xff, 0xff, 0xff, 0xff, 0xff, 0x0,
    0xa, 0xe0, 0x0, 0x0, 0x0, 0x0, 0x0, 0x9,
    0xf0, 0x0, 0x9c, 0x0, 0x0, 0x0, 0x0, 0x0,
    0x0, 0x7d, 0x0, 0x0, 0x8, 0xff, 0xff, 0xff,
    0xff, 0xff, 0xf2, 0x0, 0x0, 0x0, 0x36, 0x66,
    0x6a, 0xf6, 0x66, 0x66, 0x10, 0x0, 0x0, 0x0,
    0x0, 0x0, 0x7f, 0x10, 0x0, 0x0, 0x0, 0x0,
    0x0, 0x2a, 0x30, 0x7, 0xf1, 0x0, 0x0, 0x0,
    0x0, 0x0, 0x5, 0xf6, 0x0, 0x7f, 0x55, 0x55,
    0x54, 0x0, 0x0, 0x0, 0xaf, 0x0, 0x7, 0xff,
    0xff, 0xff, 0xc0, 0x0, 0x0, 0xf, 0xb0, 0x0,
    0x7f, 0x10, 0x0, 0x0, 0x0, 0x0, 0x7, 0xff,
    0x60, 0x7, 0xf1, 0x0, 0x0, 0x0, 0x0, 0x1,
    0xed, 0x9f, 0x70, 0x7f, 0x10, 0x0, 0x0, 0x0,
    0x0, 0xaf, 0x40, 0xaf, 0xca, 0xf1, 0x0, 0x0,
    0x0, 0x0, 0x8f, 0xa0, 0x0, 0x7f, 0xff, 0xec,
    0xcb, 0xcc, 0xdb, 0x1c, 0xd0, 0x0, 0x0, 0x16,
    0xad, 0xff, 0xff, 0xff, 0x60, 0x1, 0x0, 0x0,
    0x0, 0x0, 0x0, 0x0, 0x1, 0x10,

    /* U+5C0F "灏? */
    0x0, 0x0, 0x0, 0x0, 0x11, 0x0, 0x0, 0x0,
    0x0, 0x0, 0x0, 0x0, 0x0, 0xbf, 0x0, 0x0,
    0x0, 0x0, 0x0, 0x0, 0x0, 0x0, 0xae, 0x0,
    0x0, 0x0, 0x0, 0x0, 0x0, 0x0, 0x0, 0xae,
    0x0, 0x0, 0x0, 0x0, 0x0, 0x0, 0x0, 0x0,
    0xae, 0x0, 0x0, 0x0, 0x0, 0x0, 0x0, 0x0,
    0x0, 0xae, 0x0, 0x1, 0x0, 0x0, 0x0, 0x6,
    0xd4, 0x0, 0xae, 0x0, 0x6f, 0x10, 0x0, 0x0,
    0xb, 0xf2, 0x0, 0xae, 0x0, 0x3f, 0x90, 0x0,
    0x0, 0xf, 0xc0, 0x0, 0xae, 0x0, 0xa, 0xf2,
    0x0, 0x0, 0x5f, 0x60, 0x0, 0xae, 0x0, 0x2,
    0xfa, 0x0, 0x0, 0xcf, 0x10, 0x0, 0xae, 0x0,
    0x0, 0xaf, 0x20, 0x2, 0xfa, 0x0, 0x0, 0xae,
    0x0, 0x0, 0x3f, 0xa0, 0xa, 0xf4, 0x0, 0x0,
    0xae, 0x0, 0x0, 0xc, 0xf1, 0x2f, 0xd0, 0x0,
    0x0, 0xae, 0x0, 0x0, 0x6, 0xc2, 0x3, 0x40,
    0x0, 0x0, 0xae, 0x0, 0x0, 0x0, 0x0, 0x0,
    0x0, 0x0, 0x0, 0xae, 0x0, 0x0, 0x0, 0x0,
    0x0, 0x0, 0x0, 0x0, 0xbe, 0x0, 0x0, 0x0,
    0x0, 0x0, 0x0, 0x0, 0xdf, 0xfb, 0x0, 0x0,
    0x0, 0x0, 0x0, 0x0, 0x0, 0x8c, 0x81, 0x0,
    0x0, 0x0, 0x0,

    /* U+5DF2 "宸? */
    0x0, 0x0, 0x0, 0x0, 0x0, 0x0, 0x0, 0x0,
    0xc, 0xff, 0xff, 0xff, 0xff, 0xff, 0xff, 0xfa,
    0x0, 0x67, 0x77, 0x77, 0x77, 0x77, 0x77, 0x7f,
    0xa0, 0x0, 0x0, 0x0, 0x0, 0x0, 0x0, 0x0,
    0xf9, 0x0, 0x0, 0x0, 0x0, 0x0, 0x0, 0x0,
    0xf, 0x90, 0x0, 0x97, 0x0, 0x0, 0x0, 0x0,
    0x0, 0xf9, 0x0, 0xf, 0xc0, 0x0, 0x0, 0x0,
    0x0, 0xf, 0x90, 0x0, 0xfd, 0x66, 0x66, 0x66,
    0x66, 0x66, 0xf9, 0x0, 0xf, 0xff, 0xff, 0xff,
    0xff, 0xff, 0xff, 0xa0, 0x0, 0xfa, 0x0, 0x0,
    0x0, 0x0, 0x0, 0xe9, 0x0, 0xf, 0xa0, 0x0,
    0x0, 0x0, 0x0, 0x0, 0x0, 0x0, 0xfa, 0x0,
    0x0, 0x0, 0x0, 0x0, 0x0, 0x0, 0xf, 0xa0,
    0x0, 0x0, 0x0, 0x0, 0x0, 0x0, 0x0, 0xfa,
    0x0, 0x0, 0x0, 0x0, 0x0, 0x2, 0xb3, 0xf,
    0xa0, 0x0, 0x0, 0x0, 0x0, 0x0, 0x4f, 0xb0,
    0xfd, 0x0, 0x0, 0x0, 0x0, 0x0, 0x9, 0xf7,
    0xd, 0xfc, 0x99, 0x99, 0x99, 0x99, 0x9b, 0xff,
    0x10, 0x3c, 0xee, 0xee, 0xee, 0xee, 0xee, 0xed,
    0x50,

    /* U+5E38 "甯? */
    0x0, 0x0, 0x0, 0x0, 0x65, 0x0, 0x0, 0x0,
    0x0, 0x0, 0xa, 0x80, 0x0, 0xea, 0x0, 0xc,
    0xa0, 0x0, 0x0, 0x8, 0xf5, 0x0, 0xda, 0x0,
    0x4f, 0x70, 0x0, 0x0, 0x0, 0xc5, 0x0, 0xda,
    0x0, 0xdb, 0x0, 0x0, 0x6f, 0xff, 0xff, 0xff,
    0xff, 0xff, 0xff, 0xff, 0xf7, 0x6f, 0x64, 0x44,
    0x44, 0x44, 0x44, 0x44, 0x45, 0xf7, 0x5f, 0x20,
    0x11, 0x11, 0x11, 0x11, 0x11, 0x0, 0xf7, 0x6f,
    0x28, 0xff, 0xff, 0xff, 0xff, 0xff, 0x80, 0xf7,
    0x1, 0x8, 0xe2, 0x22, 0x22, 0x22, 0x2e, 0x80,
    0x0, 0x0, 0x8, 0xe1, 0x11, 0x11, 0x11, 0x1e,
    0x70, 0x0, 0x0, 0x8, 0xff, 0xff, 0xff, 0xff,
    0xff, 0x80, 0x0, 0x0, 0x1, 0x22, 0x22, 0xdb,
    0x22, 0x22, 0x10, 0x0, 0x0, 0x44, 0x44, 0x44,
    0xeb, 0x44, 0x44, 0x44, 0x10, 0x2, 0xff, 0xff,
    0xff, 0xff, 0xff, 0xff, 0xff, 0x40, 0x1, 0xf7,
    0x0, 0x0, 0xda, 0x0, 0x0, 0x4f, 0x40, 0x1,
    0xf7, 0x0, 0x0, 0xda, 0x0, 0x0, 0x4f, 0x40,
    0x2, 0xf7, 0x0, 0x0, 0xda, 0x0, 0x55, 0xbf,
    0x30, 0x2, 0xd6, 0x0, 0x0, 0xea, 0x0, 0xbf,
    0xf9, 0x0, 0x0, 0x0, 0x0, 0x0, 0xeb, 0x0,
    0x12, 0x0, 0x0,

    /* U+5EA6 "搴? */
    0x0, 0x0, 0x0, 0x0, 0x0, 0x40, 0x0, 0x0,
    0x0, 0x0, 0x0, 0x0, 0x0, 0x0, 0x8, 0xf4,
    0x0, 0x0, 0x0, 0x0, 0x0, 0x2, 0x22, 0x22,
    0x24, 0xfb, 0x22, 0x22, 0x22, 0x0, 0x0, 0x3f,
    0xff, 0xff, 0xff, 0xff, 0xff, 0xff, 0xfd, 0x0,
    0x0, 0x3f, 0x51, 0x13, 0x52, 0x11, 0x15, 0x61,
    0x22, 0x0, 0x0, 0x3f, 0x40, 0x4, 0xf3, 0x0,
    0x9, 0xf0, 0x0, 0x0, 0x0, 0x3f, 0x45, 0x57,
    0xf7, 0x44, 0x4b, 0xf4, 0x55, 0x0, 0x0, 0x3f,
    0x4e, 0xee, 0xfe, 0xee, 0xef, 0xfe, 0xed, 0x0,
    0x0, 0x3f, 0x40, 0x4, 0xf3, 0x0, 0x9, 0xe0,
    0x0, 0x0, 0x0, 0x4f, 0x30, 0x4, 0xf7, 0x55,
    0x5b, 0xe0, 0x0, 0x0, 0x0, 0x4f, 0x20, 0x4,
    0xee, 0xee, 0xee, 0xe0, 0x0, 0x0, 0x0, 0x5f,
    0x11, 0x32, 0x22, 0x22, 0x22, 0x22, 0x0, 0x0,
    0x0, 0x7f, 0x8, 0xff, 0xff, 0xff, 0xff, 0xfd,
    0x0, 0x0, 0x0, 0x9d, 0x0, 0x3, 0xf5, 0x0,
    0x9, 0xf3, 0x0, 0x0, 0x0, 0xda, 0x0, 0x0,
    0x8f, 0x30, 0x5f, 0x60, 0x0, 0x0, 0x2, 0xf6,
    0x0, 0x0, 0xb, 0xf9, 0xf7, 0x0, 0x0, 0x0,
    0x8, 0xf2, 0x0, 0x0, 0x6, 0xff, 0xe4, 0x0,
    0x0, 0x0, 0xf, 0xb0, 0x45, 0x8b, 0xff, 0xa6,
    0xcf, 0xfd, 0xb9, 0x70, 0x4, 0x30, 0x9f, 0xc9,
    0x50, 0x0, 0x1, 0x59, 0xce, 0x60, 0x0, 0x0,
    0x0, 0x0, 0x0, 0x0, 0x0, 0x0, 0x0, 0x0,

    /* U+5F02 "寮? */
    0x0, 0x7, 0xee, 0xee, 0xee, 0xee, 0xee, 0xec,
    0x0, 0x0, 0x0, 0x7f, 0x44, 0x44, 0x44, 0x44,
    0x4d, 0xc0, 0x0, 0x0, 0x7, 0xf1, 0x0, 0x0,
    0x0, 0x0, 0xcb, 0x0, 0x0, 0x0, 0x7f, 0x54,
    0x44, 0x44, 0x44, 0x4d, 0xb0, 0x0, 0x0, 0x7,
    0xfe, 0xee, 0xee, 0xee, 0xef, 0xfc, 0x0, 0x0,
    0x0, 0x7f, 0x10, 0x0, 0x0, 0x0, 0x0, 0x5,
    0x10, 0x0, 0x7, 0xf3, 0x0, 0x0, 0x0, 0x0,
    0x0, 0xdc, 0x0, 0x0, 0x4f, 0xff, 0xff, 0xff,
    0xff, 0xff, 0xff, 0x50, 0x0, 0x0, 0x24, 0x44,
    0x44, 0x44, 0x44, 0x44, 0x20, 0x0, 0x0, 0x0,
    0xa, 0xa0, 0x0, 0x7, 0xd2, 0x0, 0x0, 0x0,
    0x0, 0x0, 0xdc, 0x0, 0x0, 0x7f, 0x10, 0x0,
    0x0, 0xff, 0xff, 0xff, 0xff, 0xff, 0xff, 0xff,
    0xff, 0xf9, 0x6, 0x66, 0x66, 0xfa, 0x66, 0x66,
    0xaf, 0x66, 0x66, 0x40, 0x0, 0x0, 0x6f, 0x30,
    0x0, 0x7, 0xf1, 0x0, 0x0, 0x0, 0x0, 0x1e,
    0xc0, 0x0, 0x0, 0x7f, 0x10, 0x0, 0x0, 0x0,
    0x4d, 0xf3, 0x0, 0x0, 0x7, 0xf1, 0x0, 0x0,
    0x5, 0xef, 0xe4, 0x0, 0x0, 0x0, 0x8f, 0x10,
    0x0, 0x0, 0xd, 0x91, 0x0, 0x0, 0x0, 0x8,
    0xf2, 0x0, 0x0, 0x0, 0x0, 0x0, 0x0, 0x0,
    0x0, 0x0, 0x0, 0x0, 0x0,

    /* U+5F55 "褰? */
    0x0, 0x4, 0x33, 0x22, 0x22, 0x22, 0x22, 0x22,
    0x0, 0x0, 0x0, 0xef, 0xff, 0xff, 0xff, 0xff,
    0xff, 0xf2, 0x0, 0x0, 0x2, 0x21, 0x11, 0x11,
    0x11, 0x11, 0x8f, 0x10, 0x0, 0x0, 0x3, 0x33,
    0x33, 0x33, 0x33, 0x3a, 0xf0, 0x0, 0x0, 0x2,
    0xff, 0xff, 0xff, 0xff, 0xff, 0xfe, 0x0, 0x0,
    0x0, 0x2, 0x22, 0x22, 0x22, 0x22, 0x2c, 0xc0,
    0x0, 0x2, 0x22, 0x22, 0x22, 0x22, 0x22, 0x22,
    0xdc, 0x22, 0x30, 0xef, 0xff, 0xff, 0xff, 0xff,
    0xff, 0xff, 0xff, 0xfe, 0x2, 0x22, 0x11, 0x11,
    0x1b, 0xf1, 0x11, 0x11, 0x12, 0x20, 0x0, 0xb8,
    0x0, 0x0, 0xbf, 0x0, 0x1, 0xb3, 0x0, 0x0,
    0x7, 0xfb, 0x10, 0xb, 0xf7, 0x2, 0xdf, 0x90,
    0x0, 0x0, 0x4, 0xf8, 0x3, 0xbf, 0xf9, 0xfc,
    0x30, 0x0, 0x0, 0x0, 0x3, 0x4c, 0xeb, 0xf9,
    0xfb, 0x0, 0x0, 0x0, 0x0, 0x4, 0xcf, 0xb2,
    0xbf, 0xa, 0xf7, 0x0, 0x0, 0x2, 0x7d, 0xfc,
    0x30, 0xb, 0xf0, 0x8, 0xfc, 0x50, 0x0, 0xbf,
    0xd4, 0x0, 0x0, 0xcf, 0x0, 0x4, 0xef, 0xf9,
    0x1, 0x60, 0x0, 0x7, 0xcf, 0xd0, 0x0, 0x0,
    0x7e, 0x30, 0x0, 0x0, 0x0, 0x5e, 0xa3, 0x0,
    0x0, 0x0, 0x0, 0x0, 0x0, 0x0, 0x0, 0x0,
    0x0, 0x0, 0x0, 0x0, 0x0,

    /* U+5F85 "寰? */
    0x0, 0x0, 0x1, 0x0, 0x0, 0x1, 0x51, 0x0,
    0x0, 0x0, 0x0, 0x0, 0xe, 0xb0, 0x0, 0x4,
    0xf4, 0x0, 0x0, 0x0, 0x0, 0x0, 0x9f, 0x50,
    0x0, 0x4, 0xf3, 0x0, 0x0, 0x0, 0x0, 0x6,
    0xf7, 0x0, 0x66, 0x58, 0xf8, 0x56, 0x72, 0x0,
    0x0, 0x5f, 0xa0, 0x1, 0xff, 0xee, 0xfe, 0xee,
    0xe5, 0x0, 0x5, 0xfc, 0x2, 0x60, 0x0, 0x4,
    0xf3, 0x0, 0x0, 0x0, 0x2, 0xb0, 0xb, 0xf3,
    0x0, 0x4, 0xf3, 0x0, 0x0, 0x0, 0x0, 0x0,
    0x6f, 0x76, 0x66, 0x68, 0xf8, 0x66, 0x66, 0x60,
    0x0, 0x2, 0xfc, 0xd, 0xfe, 0xee, 0xee, 0xef,
    0xee, 0xf1, 0x0, 0x1d, 0xf7, 0x0, 0x0, 0x0,
    0x0, 0x7f, 0x0, 0x0, 0x1, 0xce, 0xf7, 0x2,
    0x11, 0x11, 0x11, 0x8f, 0x21, 0x20, 0xc, 0xf3,
    0xf7, 0xf, 0xff, 0xff, 0xff, 0xff, 0xff, 0xd0,
    0x6, 0x40, 0xf7, 0x4, 0x45, 0x33, 0x33, 0x9f,
    0x44, 0x30, 0x0, 0x0, 0xf7, 0x0, 0x3e, 0x60,
    0x0, 0x7f, 0x0, 0x0, 0x0, 0x0, 0xf7, 0x0,
    0x1e, 0xf2, 0x0, 0x7f, 0x0, 0x0, 0x0, 0x0,
    0xf7, 0x0, 0x4, 0xf8, 0x0, 0x7f, 0x0, 0x0,
    0x0, 0x0, 0xf7, 0x0, 0x0, 0x30, 0x1, 0xaf,
    0x0, 0x0, 0x0, 0x0, 0xf8, 0x0, 0x0, 0x0,
    0x8f, 0xfd, 0x0, 0x0, 0x0, 0x1, 0xf8, 0x0,
    0x0, 0x0, 0x2b, 0x71, 0x0, 0x0,

    /* U+5FC3 "蹇? */
    0x0, 0x0, 0x0, 0x0, 0x35, 0x0, 0x0, 0x0,
    0x0, 0x0, 0x0, 0x0, 0x0, 0x0, 0xdf, 0x10,
    0x0, 0x0, 0x0, 0x0, 0x0, 0x0, 0x0, 0x0,
    0x4f, 0xb0, 0x0, 0x0, 0x0, 0x0, 0x0, 0x0,
    0x0, 0x0, 0xa, 0xf6, 0x0, 0x0, 0x0, 0x0,
    0x0, 0x0, 0x0, 0x0, 0x2, 0xfb, 0x0, 0x0,
    0x0, 0x0, 0x0, 0x0, 0x0, 0x0, 0x0, 0x30,
    0x0, 0x0, 0x0, 0x0, 0x0, 0x21, 0x0, 0xaf,
    0x30, 0x0, 0x0, 0x6, 0x0, 0x0, 0x0, 0xbf,
    0x30, 0x9f, 0x20, 0x0, 0x0, 0x8f, 0x60, 0x0,
    0x0, 0xef, 0x0, 0x9f, 0x20, 0x0, 0x0, 0xd,
    0xf2, 0x0, 0x1, 0xfc, 0x0, 0x9f, 0x20, 0x0,
    0x0, 0x4, 0xfc, 0x0, 0x4, 0xf8, 0x0, 0x9f,
    0x20, 0x0, 0x0, 0x0, 0xaf, 0x70, 0x8, 0xf5,
    0x0, 0x9f, 0x20, 0x0, 0x0, 0x0, 0x1f, 0xa0,
    0xd, 0xf1, 0x0, 0x9f, 0x20, 0x0, 0x0, 0x0,
    0x3, 0x0, 0x1f, 0xd0, 0x0, 0x9f, 0x20, 0x0,
    0x0, 0x10, 0x0, 0x0, 0x0, 0x20, 0x0, 0x9f,
    0x20, 0x0, 0x0, 0xca, 0x0, 0x0, 0x0, 0x0,
    0x0, 0x9f, 0x20, 0x0, 0x0, 0xfe, 0x0, 0x0,
    0x0, 0x0, 0x0, 0x8f, 0xc9, 0x99, 0x9b, 0xf9,
    0x0, 0x0, 0x0, 0x0, 0x0, 0x2e, 0xff, 0xff,
    0xff, 0xd1, 0x0, 0x0, 0x0, 0x0, 0x0, 0x0,
    0x0, 0x0, 0x0, 0x0, 0x0, 0x0,

    /* U+6001 "鎬? */
    0x0, 0x0, 0x0, 0x0, 0x31, 0x0, 0x0, 0x0,
    0x0, 0x0, 0x0, 0x0, 0x0, 0xb, 0xf2, 0x0,
    0x0, 0x0, 0x0, 0x0, 0x0, 0x0, 0x0, 0xdd,
    0x0, 0x0, 0x0, 0x0, 0x0, 0x79, 0x88, 0x88,
    0x8f, 0xd8, 0x88, 0x88, 0x88, 0x90, 0xb, 0xee,
    0xee, 0xef, 0xfe, 0xef, 0xee, 0xee, 0xef, 0x10,
    0x0, 0x0, 0x0, 0xdd, 0x0, 0xe9, 0x0, 0x0,
    0x0, 0x0, 0x0, 0x0, 0x7f, 0x50, 0x8, 0xf2,
    0x0, 0x0, 0x0, 0x0, 0x0, 0x5f, 0xb2, 0x0,
    0xe, 0xd0, 0x0, 0x0, 0x0, 0x0, 0x5f, 0xe8,
    0xf4, 0x0, 0x3f, 0xd2, 0x0, 0x0, 0x0, 0x9f,
    0xe2, 0x2d, 0xf4, 0x0, 0x4f, 0xf8, 0x20, 0x7,
    0xef, 0xc1, 0x0, 0x1e, 0x50, 0x0, 0x2c, 0xff,
    0x80, 0x7f, 0x80, 0x0, 0x0, 0x0, 0x0, 0x0,
    0x5, 0xa0, 0x0, 0x20, 0x0, 0x0, 0x7, 0xa0,
    0x0, 0x0, 0x0, 0x0, 0x5, 0x71, 0xb, 0x80,
    0x7f, 0x30, 0x1, 0xd9, 0x0, 0x0, 0xaf, 0x10,
    0xfb, 0x0, 0xe9, 0x0, 0x9, 0xf5, 0x0, 0xf,
    0xb0, 0xf, 0xb0, 0x2, 0x0, 0x20, 0xd, 0xf2,
    0x6, 0xf5, 0x0, 0xfb, 0x0, 0x0, 0x9, 0xe3,
    0x3f, 0x70, 0xde, 0x0, 0xe, 0xe8, 0x77, 0x78,
    0xfe, 0x0, 0x40, 0x1, 0x30, 0x0, 0x7e, 0xee,
    0xee, 0xed, 0x40, 0x0, 0x0,

    /* U+611F "鎰? */
    0x0, 0x0, 0x0, 0x0, 0x0, 0x2, 0x0, 0x20,
    0x0, 0x0, 0x0, 0x0, 0x0, 0x0, 0x0, 0x1f,
    0x73, 0xf8, 0x0, 0x0, 0x0, 0x0, 0x0, 0x0,
    0x0, 0xf, 0x70, 0x59, 0x0, 0x0, 0x0, 0x3f,
    0xff, 0xff, 0xff, 0xff, 0xff, 0xff, 0xff, 0x70,
    0x0, 0x3f, 0x64, 0x44, 0x44, 0x4e, 0xb4, 0x44,
    0x45, 0x20, 0x0, 0x3f, 0x23, 0x33, 0x33, 0xb,
    0xa0, 0x7, 0x30, 0x0, 0x0, 0x3f, 0x2f, 0xff,
    0xff, 0x38, 0xd0, 0xf, 0x90, 0x0, 0x0, 0x3f,
    0x10, 0x0, 0x0, 0x4, 0xf1, 0x5f, 0x20, 0x0,
    0x0, 0x4f, 0x2f, 0xff, 0xff, 0x50, 0xf7, 0xcc,
    0x0, 0x0, 0x0, 0x6f, 0x1f, 0x31, 0x1e, 0x50,
    0x9f, 0xf4, 0x0, 0x0, 0x0, 0xad, 0x1f, 0x31,
    0x1e, 0x50, 0x2f, 0xe0, 0x4, 0x20, 0x1, 0xf9,
    0x1f, 0xff, 0xff, 0x51, 0xde, 0xfb, 0x2b, 0xe0,
    0xa, 0xf3, 0x0, 0x0, 0x0, 0x3e, 0xe2, 0x5e,
    0xff, 0x80, 0x9, 0xb0, 0x0, 0x0, 0x1b, 0x19,
    0x20, 0x1, 0x79, 0x0, 0x0, 0x4, 0x1, 0x73,
    0x4f, 0x90, 0x0, 0x0, 0x20, 0x0, 0x0, 0x4f,
    0x51, 0xf6, 0x8, 0xf2, 0x0, 0x5, 0xf5, 0x0,
    0x0, 0xbe, 0x1, 0xf6, 0x0, 0x50, 0x7, 0x60,
    0xcf, 0x20, 0x3, 0xf7, 0x0, 0xfa, 0x44, 0x44,
    0x5e, 0xe0, 0x2f, 0xa0, 0x0, 0x61, 0x0, 0x8f,
    0xff, 0xff, 0xff, 0x60, 0x4, 0x0,

    /* U+6307 "鎸? */
    0x0, 0x0, 0x0, 0x0, 0x0, 0x0, 0x0, 0x0,
    0x0, 0x0, 0x0, 0x1f, 0x80, 0x2, 0xb4, 0x0,
    0x0, 0x0, 0x0, 0x0, 0x0, 0xf7, 0x0, 0x3f,
    0x50, 0x0, 0x5, 0x50, 0x0, 0x0, 0xf, 0x70,
    0x2, 0xf5, 0x4, 0x8e, 0xfe, 0x10, 0x0, 0x0,
    0xf7, 0x0, 0x2f, 0xef, 0xfc, 0x84, 0x0, 0x0,
    0x46, 0x6f, 0xa6, 0x42, 0xf9, 0x40, 0x0, 0x0,
    0x0, 0x8, 0xed, 0xfe, 0xe8, 0x2f, 0x50, 0x0,
    0x0, 0xb, 0x40, 0x0, 0xf, 0x70, 0x2, 0xf7,
    0x0, 0x0, 0x5, 0xf9, 0x0, 0x0, 0xf7, 0x0,
    0xd, 0xff, 0xff, 0xff, 0xfe, 0x20, 0x0, 0xf,
    0xa9, 0x60, 0x2, 0x22, 0x22, 0x22, 0x0, 0x0,
    0x27, 0xff, 0xc3, 0x3f, 0xff, 0xff, 0xff, 0xf8,
    0x1, 0xdf, 0xef, 0x80, 0x3, 0xf8, 0x44, 0x44,
    0x4f, 0x80, 0x9, 0x60, 0xf7, 0x0, 0x2f, 0x50,
    0x0, 0x0, 0xf8, 0x0, 0x0, 0xf, 0x70, 0x2,
    0xff, 0xff, 0xff, 0xff, 0x80, 0x0, 0x0, 0xf7,
    0x0, 0x2f, 0x73, 0x33, 0x33, 0xf8, 0x0, 0x0,
    0xf, 0x70, 0x2, 0xf5, 0x0, 0x0, 0xf, 0x80,
    0x1, 0x13, 0xf7, 0x0, 0x2f, 0xff, 0xff, 0xff,
    0xf8, 0x0, 0x4f, 0xff, 0x40, 0x3, 0xf8, 0x44,
    0x44, 0x4f, 0x80, 0x0, 0xfd, 0x80, 0x0, 0x3f,
    0x50, 0x0, 0x0, 0xf8, 0x0,

    /* U+636E "鎹? */
    0x0, 0x1, 0xd6, 0x0, 0x0, 0x0, 0x0, 0x0,
    0x0, 0x0, 0x0, 0xf, 0x60, 0xd, 0xff, 0xff,
    0xff, 0xff, 0xe0, 0x0, 0x0, 0xf6, 0x0, 0xe9,
    0x33, 0x33, 0x33, 0x8e, 0x0, 0x0, 0xf, 0x60,
    0xd, 0x70, 0x0, 0x0, 0x6, 0xe0, 0xb, 0xcb,
    0xfd, 0xba, 0xd9, 0x33, 0x33, 0x33, 0x8e, 0x0,
    0x78, 0x8f, 0xb8, 0x7d, 0xff, 0xff, 0xff, 0xff,
    0xe0, 0x0, 0x0, 0xf6, 0x0, 0xd7, 0x0, 0xe,
    0x80, 0x0, 0x0, 0x0, 0xf, 0x67, 0x9d, 0x70,
    0x0, 0xd7, 0x0, 0x0, 0x0, 0x0, 0xff, 0xe5,
    0xef, 0xff, 0xff, 0xff, 0xff, 0xe0, 0x5, 0xdf,
    0xa0, 0xf, 0x94, 0x44, 0xea, 0x44, 0x55, 0xd,
    0xfb, 0xf6, 0x0, 0xf5, 0x0, 0xd, 0x70, 0x0,
    0x0, 0x96, 0xf, 0x60, 0x1f, 0x43, 0x33, 0xe9,
    0x33, 0x30, 0x0, 0x0, 0xf6, 0x4, 0xf2, 0xfe,
    0xdd, 0xdd, 0xef, 0x0, 0x0, 0xf, 0x60, 0x8e,
    0xf, 0x50, 0x0, 0x5, 0xf0, 0x0, 0x0, 0xf6,
    0xb, 0xa0, 0xf5, 0x0, 0x0, 0x5f, 0x0, 0x0,
    0x1f, 0x61, 0xf6, 0xf, 0x84, 0x44, 0x48, 0xf0,
    0x0, 0xac, 0xf4, 0xaf, 0x10, 0xfe, 0xee, 0xee,
    0xef, 0x0, 0xb, 0xc7, 0x2, 0x60, 0x1f, 0x50,
    0x0, 0x5, 0xf0, 0x0, 0x0, 0x0, 0x0, 0x0,
    0x10, 0x0, 0x0, 0x0, 0x0,

    /* U+63A5 "鎺? */
    0x0, 0x0, 0x0, 0x0, 0x0, 0x0, 0x42, 0x0,
    0x0, 0x0, 0x0, 0x6, 0xf2, 0x0, 0x0, 0x1,
    0xf9, 0x0, 0x0, 0x0, 0x0, 0x5, 0xf1, 0x1,
    0x54, 0x44, 0xee, 0x44, 0x45, 0x20, 0x0, 0x5,
    0xf1, 0x4, 0xff, 0xff, 0xff, 0xff, 0xff, 0x70,
    0x7, 0x68, 0xf6, 0x60, 0x0, 0x20, 0x0, 0x37,
    0x0, 0x0, 0x1f, 0xff, 0xff, 0xf0, 0x8, 0xf1,
    0x0, 0x7f, 0x40, 0x0, 0x0, 0x5, 0xf1, 0x0,
    0x2, 0xfa, 0x0, 0xcc, 0x0, 0x0, 0x0, 0x5,
    0xf1, 0x2, 0x43, 0x95, 0x34, 0xf8, 0x34, 0x20,
    0x0, 0x5, 0xf1, 0x7, 0xff, 0xff, 0xff, 0xff,
    0xff, 0x70, 0x0, 0x5, 0xf9, 0xd0, 0x0, 0x9,
    0x50, 0x0, 0x0, 0x0, 0x1, 0x6c, 0xfe, 0x70,
    0x0, 0x2f, 0xb0, 0x0, 0x0, 0x0, 0x1f, 0xfe,
    0xf1, 0xe, 0xff, 0xff, 0xff, 0xff, 0xff, 0xf1,
    0x8, 0x35, 0xf1, 0x5, 0x45, 0xfa, 0x44, 0x9f,
    0x54, 0x50, 0x0, 0x5, 0xf1, 0x0, 0x8, 0xf1,
    0x0, 0xca, 0x0, 0x0, 0x0, 0x5, 0xf1, 0x0,
    0xb, 0xfd, 0x77, 0xf2, 0x0, 0x0, 0x0, 0x5,
    0xf1, 0x0, 0x0, 0x29, 0xff, 0xd2, 0x0, 0x0,
    0x0, 0x7, 0xf1, 0x0, 0x0, 0x3b, 0xfa, 0xff,
    0xa2, 0x0, 0x5, 0xdf, 0xe0, 0x7, 0xbe, 0xfc,
    0x40, 0x19, 0xff, 0x70, 0x1, 0xeb, 0x30, 0x9,
    0xc8, 0x30, 0x0, 0x0, 0x3b, 0x10, 0x0, 0x0,
    0x0, 0x0, 0x0, 0x0, 0x0, 0x0, 0x0, 0x0,

    /* U+63A7 "鎺? */
    0x0, 0x2, 0x30, 0x0, 0x0, 0x0, 0x32, 0x0,
    0x0, 0x0, 0x0, 0xa, 0xf0, 0x0, 0x0, 0x3,
    0xfb, 0x0, 0x0, 0x0, 0x0, 0x9, 0xf0, 0x1,
    0x22, 0x22, 0xdf, 0x22, 0x22, 0x20, 0x0, 0x9,
    0xe0, 0x8, 0xff, 0xff, 0xff, 0xff, 0xff, 0xf0,
    0x0, 0x9, 0xe0, 0x8, 0xf4, 0x44, 0x44, 0x44,
    0x4a, 0xe0, 0xe, 0xdf, 0xfe, 0x98, 0xf0, 0x15,
    0x0, 0x4, 0x9, 0xf0, 0x6, 0x6b, 0xf6, 0x42,
    0x40, 0xcf, 0x40, 0x8f, 0x52, 0x40, 0x0, 0x9,
    0xe0, 0x0, 0x9, 0xf8, 0x0, 0xc, 0xf3, 0x0,
    0x0, 0x9, 0xe0, 0x0, 0x9f, 0xa0, 0x0, 0x1,
    0xee, 0x10, 0x0, 0x9, 0xf8, 0x92, 0xeb, 0x0,
    0x0, 0x0, 0x4e, 0x30, 0x1, 0x5d, 0xfe, 0x60,
    0x66, 0x55, 0x55, 0x55, 0x56, 0x0, 0x1f, 0xff,
    0xf0, 0x0, 0xbf, 0xee, 0xff, 0xee, 0xfe, 0x0,
    0xa, 0x49, 0xe0, 0x0, 0x0, 0x0, 0x9e, 0x0,
    0x0, 0x0, 0x0, 0x9, 0xe0, 0x0, 0x0, 0x0,
    0x9e, 0x0, 0x0, 0x0, 0x0, 0x9, 0xe0, 0x0,
    0x0, 0x0, 0x9e, 0x0, 0x0, 0x0, 0x0, 0x9,
    0xe0, 0x0, 0x0, 0x0, 0x9e, 0x0, 0x0, 0x0,
    0x0, 0x9, 0xe0, 0x3, 0x44, 0x44, 0xaf, 0x44,
    0x44, 0x51, 0x3, 0xdf, 0xc0, 0xa, 0xff, 0xff,
    0xff, 0xff, 0xff, 0xf5, 0x0, 0xca, 0x30, 0x0,
    0x0, 0x0, 0x0, 0x0, 0x0, 0x0,

    /* U+6447 "鎽? */
    0x0, 0x0, 0x0, 0x0, 0x0, 0x0, 0x0, 0x0,
    0x12, 0x0, 0x0, 0x4, 0xd3, 0x0, 0x0, 0x2,
    0x46, 0x9c, 0xfd, 0x10, 0x0, 0x4, 0xf2, 0x8,
    0xde, 0xff, 0xfd, 0xa8, 0x53, 0x10, 0x0, 0x4,
    0xf2, 0x3, 0x86, 0x42, 0x0, 0x0, 0x24, 0x0,
    0x0, 0x4, 0xf2, 0x0, 0x50, 0x6, 0xe1, 0x0,
    0x8f, 0x20, 0xb, 0xee, 0xfe, 0xe3, 0xdb, 0x1,
    0xea, 0x0, 0xe9, 0x0, 0x4, 0x47, 0xf6, 0x51,
    0x3f, 0x40, 0x5d, 0x7, 0xf1, 0x0, 0x0, 0x4,
    0xf2, 0x0, 0x4, 0x81, 0x0, 0x8, 0x80, 0x0,
    0x0, 0x4, 0xf2, 0x50, 0xa, 0xf4, 0x33, 0x33,
    0x34, 0x0, 0x0, 0x4, 0xfe, 0xf1, 0x4f, 0xff,
    0xff, 0xff, 0xff, 0x0, 0x3, 0x8e, 0xf9, 0x21,
    0xeb, 0x0, 0x9e, 0x0, 0x0, 0x0, 0xc, 0xea,
    0xf2, 0x0, 0x61, 0x0, 0x9e, 0x0, 0x0, 0x0,
    0x2, 0x4, 0xf2, 0xf, 0xff, 0xff, 0xff, 0xff,
    0xff, 0xf6, 0x0, 0x4, 0xf2, 0x4, 0x33, 0x33,
    0xaf, 0x33, 0x33, 0x41, 0x0, 0x4, 0xf2, 0x0,
    0x74, 0x0, 0x9e, 0x0, 0x49, 0x0, 0x0, 0x4,
    0xf2, 0x0, 0xe8, 0x0, 0x9e, 0x0, 0x7f, 0x0,
    0x0, 0x4, 0xf2, 0x0, 0xd7, 0x0, 0x9e, 0x0,
    0x7f, 0x0, 0x1, 0x39, 0xf2, 0x0, 0xda, 0x55,
    0xbf, 0x66, 0xbf, 0x0, 0x1, 0xfe, 0x90, 0x0,
    0xef, 0xff, 0xfe, 0xee, 0xef, 0x0, 0x0, 0x0,
    0x0, 0x0, 0x0, 0x0, 0x0, 0x0, 0x0, 0x0,

    /* U+6536 "鏀? */
    0x0, 0x0, 0x0, 0x0, 0x0, 0x0, 0x0, 0x0,
    0x0, 0x0, 0x0, 0x0, 0x6, 0xd0, 0x0, 0xc,
    0xc1, 0x0, 0x0, 0x0, 0x0, 0x0, 0x7, 0xf0,
    0x0, 0x1f, 0xc0, 0x0, 0x0, 0x0, 0x1, 0x20,
    0x6, 0xf0, 0x0, 0x7f, 0x40, 0x0, 0x0, 0x0,
    0x9, 0xf0, 0x6, 0xf0, 0x0, 0xde, 0x77, 0x77,
    0x77, 0x81, 0x9, 0xf0, 0x6, 0xf0, 0x4, 0xfe,
    0xee, 0xef, 0xfe, 0xe2, 0x9, 0xe0, 0x6, 0xf0,
    0xc, 0xd0, 0x0, 0xf, 0x80, 0x0, 0x9, 0xe0,
    0x6, 0xf0, 0x4f, 0xb6, 0x0, 0xf, 0x60, 0x0,
    0x9, 0xe0, 0x6, 0xf0, 0xdd, 0xae, 0x0, 0x3f,
    0x40, 0x0, 0x9, 0xe0, 0x6, 0xf2, 0xd4, 0x5f,
    0x20, 0x5f, 0x10, 0x0, 0x9, 0xe0, 0x6, 0xf0,
    0x0, 0x1f, 0x70, 0x9e, 0x0, 0x0, 0x9, 0xe0,
    0x7, 0xf0, 0x0, 0xb, 0xd0, 0xe9, 0x0, 0x0,
    0xd, 0xfc, 0xff, 0xf0, 0x0, 0x5, 0xf9, 0xf3,
    0x0, 0x0, 0x1e, 0xe9, 0x57, 0xf0, 0x0, 0x0,
    0xef, 0xc0, 0x0, 0x0, 0x2, 0x0, 0x6, 0xf0,
    0x0, 0x0, 0xdf, 0x80, 0x0, 0x0, 0x0, 0x0,
    0x6, 0xf0, 0x0, 0xb, 0xfd, 0xf6, 0x0, 0x0,
    0x0, 0x0, 0x6, 0xf0, 0x3, 0xdf, 0x70, 0xbf,
    0xa2, 0x0, 0x0, 0x0, 0x7, 0xf2, 0x9f, 0xe5,
    0x0, 0x9, 0xff, 0xc1, 0x0, 0x0, 0x7, 0xf3,
    0xdb, 0x10, 0x0, 0x0, 0x3b, 0x70, 0x0, 0x0,
    0x0, 0x0, 0x10, 0x0, 0x0, 0x0, 0x0, 0x0,

    /* U+6548 "鏁? */
    0x0, 0x0, 0x0, 0x0, 0x0, 0x0, 0x11, 0x0,
    0x0, 0x0, 0x0, 0x0, 0x8f, 0x10, 0x0, 0x0,
    0x6f, 0x80, 0x0, 0x0, 0x0, 0x0, 0x4f, 0x70,
    0x0, 0x0, 0x9f, 0x20, 0x0, 0x0, 0x0, 0x0,
    0xa, 0x40, 0x0, 0x0, 0xea, 0x0, 0x0, 0x0,
    0x2f, 0xee, 0xee, 0xee, 0xee, 0x3, 0xf9, 0x55,
    0x56, 0x61, 0x5, 0x44, 0x44, 0x44, 0x44, 0xa,
    0xfd, 0xde, 0xfd, 0xd3, 0x0, 0xc, 0x80, 0x2d,
    0x30, 0x1f, 0x80, 0x7, 0xf0, 0x0, 0x0, 0x5f,
    0x80, 0x1e, 0xd0, 0xaf, 0x10, 0x8, 0xf0, 0x0,
    0x0, 0xec, 0x0, 0x4, 0xfa, 0xbe, 0xb0, 0x9,
    0xd0, 0x0, 0xb, 0xf2, 0x0, 0x1, 0x9a, 0x37,
    0xf0, 0xb, 0xb0, 0x0, 0x9, 0x67, 0x0, 0x4f,
    0x30, 0x3, 0xf3, 0xf, 0x80, 0x0, 0x0, 0x2e,
    0xd2, 0x9e, 0x0, 0x0, 0xf7, 0x2f, 0x40, 0x0,
    0x0, 0x2, 0xdf, 0xf8, 0x0, 0x0, 0xbc, 0x8f,
    0x0, 0x0, 0x0, 0x0, 0x1f, 0xf7, 0x0, 0x0,
    0x5f, 0xfa, 0x0, 0x0, 0x0, 0x0, 0x8f, 0xef,
    0x60, 0x0, 0xf, 0xf3, 0x0, 0x0, 0x0, 0x8,
    0xf8, 0xd, 0xf2, 0x0, 0xbf, 0xf9, 0x0, 0x0,
    0x1, 0xbf, 0x90, 0x2, 0x40, 0x4e, 0xf5, 0x6f,
    0xb1, 0x0, 0xc, 0xf7, 0x0, 0x0, 0x4b, 0xfd,
    0x30, 0x6, 0xff, 0x90, 0x0, 0x40, 0x0, 0x1,
    0xcf, 0x80, 0x0, 0x0, 0x4e, 0x80, 0x0, 0x0,
    0x0, 0x0, 0x11, 0x0, 0x0, 0x0, 0x0, 0x0,

    /* U+6570 "鏁? */
    0x0, 0x41, 0x7, 0xe0, 0x7, 0x0, 0x99, 0x0,
    0x0, 0x0, 0xc, 0xd0, 0x8f, 0x6, 0xf1, 0xd,
    0xc0, 0x0, 0x0, 0x0, 0x1e, 0x67, 0xf0, 0xd9,
    0x1, 0xf7, 0x0, 0x0, 0x0, 0x26, 0x75, 0xaf,
    0x58, 0x74, 0x5f, 0x30, 0x0, 0x0, 0x6, 0xfe,
    0xff, 0xfe, 0xee, 0xa9, 0xff, 0xff, 0xff, 0x80,
    0x0, 0x1e, 0xff, 0x12, 0x0, 0xeb, 0x44, 0x7f,
    0x62, 0x0, 0x2d, 0xc8, 0xf8, 0xe2, 0x5f, 0x70,
    0x5, 0xf1, 0x0, 0x8f, 0xb1, 0x7f, 0xc, 0xbb,
    0xfa, 0x0, 0x7f, 0x0, 0x4, 0x70, 0x29, 0x70,
    0x15, 0xfd, 0xe0, 0x8, 0xd0, 0x0, 0x1, 0x7,
    0xf3, 0x0, 0x4b, 0x4f, 0x20, 0xba, 0x0, 0xa,
    0xff, 0xff, 0xff, 0xff, 0x0, 0xf7, 0xe, 0x70,
    0x0, 0x34, 0x7f, 0x63, 0x3e, 0xa0, 0xa, 0xd4,
    0xf3, 0x0, 0x0, 0xb, 0xc0, 0x4, 0xf3, 0x0,
    0x3f, 0xed, 0x0, 0x0, 0x1, 0xcf, 0xea, 0xdb,
    0x0, 0x0, 0xbf, 0x60, 0x0, 0x0, 0x0, 0x15,
    0xff, 0xfb, 0x20, 0x3f, 0xfc, 0x10, 0x0, 0x0,
    0x4, 0xde, 0x34, 0xb1, 0x7f, 0xb5, 0xfd, 0x20,
    0x2, 0x7d, 0xf9, 0x10, 0x5, 0xdf, 0x80, 0x5,
    0xff, 0x60, 0x2d, 0x82, 0x0, 0x0, 0x7c, 0x30,
    0x0, 0x3, 0xb1, 0x0, 0x0, 0x0, 0x0, 0x0,
    0x0, 0x0, 0x0, 0x0, 0x0,

    /* U+65B0 "鏂? */
    0x0, 0x0, 0x3, 0x30, 0x0, 0x0, 0x0, 0x0,
    0x2, 0x0, 0x0, 0x1, 0xfa, 0x0, 0x0, 0x14,
    0x57, 0xae, 0xf4, 0x3, 0x43, 0x3e, 0xd3, 0x44,
    0x17, 0xfe, 0xcb, 0x98, 0x50, 0xbf, 0xff, 0xff,
    0xff, 0xf4, 0x6f, 0x10, 0x0, 0x0, 0x3, 0x35,
    0x33, 0x36, 0x53, 0x16, 0xf1, 0x0, 0x0, 0x0,
    0x4, 0xf2, 0x0, 0xeb, 0x0, 0x6f, 0x10, 0x0,
    0x0, 0x0, 0xe, 0x80, 0x4f, 0x30, 0x6, 0xf2,
    0x11, 0x11, 0x20, 0x99, 0xa8, 0x8c, 0xf8, 0x97,
    0x6f, 0xff, 0xff, 0xff, 0xe, 0xee, 0xef, 0xfe,
    0xee, 0xb6, 0xf4, 0x48, 0xf5, 0x40, 0x0, 0x0,
    0xe9, 0x0, 0x0, 0x6f, 0x0, 0x6f, 0x10, 0x3,
    0x32, 0x2e, 0xa2, 0x23, 0x27, 0xf0, 0x6, 0xf1,
    0x0, 0xdf, 0xff, 0xff, 0xff, 0xfa, 0x8f, 0x0,
    0x6f, 0x10, 0x3, 0x45, 0x3e, 0xa3, 0x44, 0x3a,
    0xd0, 0x6, 0xf1, 0x0, 0x5, 0xe3, 0xe9, 0x7a,
    0x0, 0xdb, 0x0, 0x6f, 0x10, 0x0, 0xed, 0xe,
    0x95, 0xf5, 0x1f, 0x80, 0x6, 0xf1, 0x0, 0xaf,
    0x20, 0xe9, 0xb, 0xb6, 0xf4, 0x0, 0x6f, 0x10,
    0x1f, 0x50, 0xe, 0x90, 0x20, 0xcf, 0x0, 0x6,
    0xf1, 0x0, 0x10, 0x8d, 0xf7, 0x0, 0x4f, 0xa0,
    0x0, 0x7f, 0x10, 0x0, 0x3, 0xc9, 0x0, 0x5,
    0xd3, 0x0, 0x7, 0xf2, 0x0, 0x0, 0x0, 0x0,
    0x0, 0x0, 0x0, 0x0, 0x0, 0x0,

    /* U+65CB "鏃? */
    0x0, 0x0, 0x26, 0x0, 0x0, 0x9, 0x30, 0x0,
    0x0, 0x0, 0x0, 0x0, 0x7f, 0x10, 0x0, 0x4f,
    0xa0, 0x0, 0x0, 0x0, 0x0, 0x0, 0x2f, 0x70,
    0x0, 0x9f, 0x20, 0x0, 0x0, 0x0, 0x0, 0x0,
    0x5, 0x0, 0x0, 0xff, 0xff, 0xff, 0xff, 0xf2,
    0xd, 0xff, 0xff, 0xff, 0xb7, 0xf6, 0x33, 0x33,
    0x33, 0x30, 0x3, 0x3e, 0xb3, 0x34, 0x4f, 0xb0,
    0x0, 0x0, 0x0, 0x0, 0x0, 0xe, 0x90, 0x0,
    0xaf, 0xde, 0xdd, 0xdd, 0xdd, 0xb0, 0x0, 0xe,
    0x90, 0x0, 0xbb, 0x57, 0x6f, 0xb6, 0x7f, 0x70,
    0x0, 0xf, 0xfe, 0xea, 0x0, 0x0, 0xe, 0x70,
    0x6f, 0x20, 0x0, 0xf, 0x94, 0xda, 0x3, 0x71,
    0xe, 0x70, 0x26, 0x0, 0x0, 0x1f, 0x50, 0xd9,
    0x6, 0xf2, 0xe, 0x70, 0x0, 0x0, 0x0, 0x3f,
    0x30, 0xd8, 0x7, 0xf0, 0xe, 0xfe, 0xff, 0x10,
    0x0, 0x6f, 0x10, 0xe7, 0x8, 0xf0, 0xe, 0xa5,
    0x56, 0x0, 0x0, 0xad, 0x0, 0xf6, 0xa, 0xf1,
    0xe, 0x70, 0x0, 0x0, 0x0, 0xf8, 0x0, 0xf5,
    0xe, 0xf8, 0xe, 0x70, 0x0, 0x0, 0x6, 0xf3,
    0x16, 0xf4, 0x5f, 0x8f, 0x4e, 0x70, 0x0, 0x0,
    0xd, 0xd0, 0xcf, 0xd0, 0xdd, 0x8, 0xff, 0x70,
    0x0, 0x0, 0x3f, 0x60, 0x69, 0x18, 0xf5, 0x0,
    0x7f, 0xfe, 0xcc, 0xb0, 0x1, 0x0, 0x0, 0x2f,
    0xb0, 0x0, 0x1, 0x7a, 0xde, 0x80, 0x0, 0x0,
    0x0, 0x1, 0x10, 0x0, 0x0, 0x0, 0x0, 0x0,

    /* U+65E0 "鏃? */
    0x0, 0x0, 0x0, 0x0, 0x0, 0x0, 0x0, 0x0,
    0x0, 0x0, 0xaf, 0xff, 0xff, 0xff, 0xff, 0xff,
    0xf9, 0x0, 0x0, 0x46, 0x66, 0x6c, 0xf6, 0x66,
    0x66, 0x63, 0x0, 0x0, 0x0, 0x0, 0xa, 0xe0,
    0x0, 0x0, 0x0, 0x0, 0x0, 0x0, 0x0, 0xa,
    0xe0, 0x0, 0x0, 0x0, 0x0, 0x0, 0x0, 0x0,
    0xb, 0xd0, 0x0, 0x0, 0x0, 0x0, 0x0, 0x0,
    0x0, 0xb, 0xc0, 0x0, 0x0, 0x0, 0x0, 0x2f,
    0xff, 0xff, 0xff, 0xff, 0xff, 0xff, 0xff, 0xf5,
    0x6, 0x66, 0x66, 0x6f, 0xb6, 0xf9, 0x66, 0x66,
    0x62, 0x0, 0x0, 0x0, 0x2f, 0x51, 0xf5, 0x0,
    0x0, 0x0, 0x0, 0x0, 0x0, 0x7f, 0x11, 0xf5,
    0x0, 0x0, 0x0, 0x0, 0x0, 0x0, 0xeb, 0x1,
    0xf5, 0x0, 0x0, 0x0, 0x0, 0x0, 0x7, 0xf4,
    0x1, 0xf5, 0x0, 0x0, 0x0, 0x0, 0x0, 0x5f,
    0xb0, 0x1, 0xf5, 0x0, 0x0, 0x72, 0x0, 0x5,
    0xfe, 0x10, 0x1, 0xf5, 0x0, 0x0, 0xfb, 0x0,
    0x9f, 0xe2, 0x0, 0x0, 0xfb, 0x55, 0x58, 0xf7,
    0x5e, 0xfc, 0x10, 0x0, 0x0, 0x8f, 0xff, 0xff,
    0xe1, 0xc, 0x60, 0x0, 0x0, 0x0, 0x0, 0x11,
    0x11, 0x0, 0x0, 0x0, 0x0, 0x0, 0x0, 0x0,
    0x0, 0x0, 0x0,

    /* U+6697 "鏆? */
    0x0, 0x0, 0x0, 0x0, 0x0, 0x0, 0x0, 0x0,
    0x0, 0x0, 0x0, 0x0, 0x0, 0x0, 0x8, 0xc0,
    0x0, 0x0, 0x0, 0x0, 0x0, 0x0, 0x0, 0x0,
    0x3f, 0x80, 0x0, 0x0, 0x7, 0xdd, 0xdd, 0xd0,
    0x54, 0x43, 0xb7, 0x33, 0x44, 0x0, 0x8f, 0x55,
    0xaf, 0xd, 0xee, 0xee, 0xee, 0xee, 0xc0, 0x8,
    0xe0, 0x7, 0xf0, 0x2, 0xa0, 0x0, 0x3b, 0x40,
    0x0, 0x7e, 0x0, 0x7e, 0x0, 0x1f, 0x90, 0x9,
    0xf2, 0x0, 0x7, 0xe0, 0x7, 0xe0, 0x0, 0x9b,
    0x0, 0xf8, 0x0, 0x0, 0x7f, 0x99, 0xce, 0x9e,
    0xee, 0xee, 0xef, 0xee, 0xee, 0x7, 0xf9, 0x9c,
    0xe2, 0x33, 0x33, 0x33, 0x33, 0x33, 0x40, 0x7e,
    0x0, 0x7e, 0x2, 0xdd, 0xdd, 0xdd, 0xdd, 0x40,
    0x7, 0xe0, 0x7, 0xe0, 0x2f, 0x75, 0x55, 0x57,
    0xf4, 0x0, 0x7e, 0x0, 0x7e, 0x2, 0xf4, 0x0,
    0x0, 0x3f, 0x40, 0x8, 0xe0, 0x7, 0xe0, 0x2f,
    0xca, 0xaa, 0xab, 0xf4, 0x0, 0x8f, 0xff, 0xff,
    0x2, 0xfa, 0x88, 0x88, 0x9f, 0x40, 0x8, 0xe2,
    0x28, 0xf0, 0x2f, 0x40, 0x0, 0x3, 0xf4, 0x0,
    0x8d, 0x0, 0x5c, 0x2, 0xf6, 0x33, 0x33, 0x5f,
    0x40, 0x0, 0x0, 0x0, 0x0, 0x2f, 0xff, 0xff,
    0xff, 0xf4, 0x0, 0x0, 0x0, 0x0, 0x3, 0xf4,
    0x0, 0x0, 0x3f, 0x40, 0x0,

    /* U+6700 "鏈€" */
    0x0, 0x2, 0x22, 0x22, 0x22, 0x22, 0x22, 0x20,
    0x0, 0x0, 0xd, 0xed, 0xdd, 0xdd, 0xdd, 0xde,
    0xf1, 0x0, 0x0, 0xc, 0xa2, 0x22, 0x22, 0x22,
    0x28, 0xf0, 0x0, 0x0, 0xc, 0xff, 0xff, 0xff,
    0xff, 0xff, 0xf0, 0x0, 0x0, 0xc, 0x91, 0x11,
    0x11, 0x11, 0x18, 0xf0, 0x0, 0x0, 0xc, 0xff,
    0xff, 0xff, 0xff, 0xff, 0xf1, 0x0, 0x0, 0x0,
    0x0, 0x0, 0x0, 0x0, 0x0, 0x0, 0x0, 0x8f,
    0xff, 0xff, 0xff, 0xff, 0xff, 0xff, 0xff, 0xf6,
    0x24, 0x8f, 0x33, 0x3e, 0x93, 0x33, 0x33, 0x33,
    0x41, 0x0, 0x6e, 0x22, 0x2d, 0x72, 0x22, 0x22,
    0x21, 0x0, 0x0, 0x6f, 0xff, 0xff, 0x7b, 0xff,
    0xff, 0xfb, 0x0, 0x0, 0x6e, 0x0, 0xd, 0x70,
    0xe6, 0x0, 0xe6, 0x0, 0x0, 0x6f, 0xff, 0xff,
    0x70, 0x8c, 0x3, 0xf1, 0x0, 0x0, 0x6e, 0x11,
    0x1d, 0x93, 0x1f, 0x7c, 0x90, 0x0, 0x0, 0x6f,
    0x58, 0xaf, 0xf8, 0x6, 0xff, 0x20, 0x0, 0x2d,
    0xff, 0xeb, 0x7e, 0x80, 0x7, 0xfe, 0xd3, 0x0,
    0x9, 0x62, 0x0, 0xe, 0x82, 0xaf, 0x41, 0xbf,
    0xd2, 0x0, 0x0, 0x0, 0xe, 0x85, 0xd2, 0x0,
    0x4, 0x90, 0x0, 0x0, 0x0, 0x0, 0x0, 0x0,
    0x0, 0x0, 0x0,

    /* U+672A "鏈? */
    0x0, 0x0, 0x0, 0x0, 0x5, 0x30, 0x0, 0x0,
    0x0, 0x0, 0x0, 0x0, 0x0, 0x0, 0xf, 0x90,
    0x0, 0x0, 0x0, 0x0, 0x0, 0x0, 0x0, 0x0,
    0xf, 0x80, 0x0, 0x0, 0x0, 0x0, 0x0, 0x0,
    0x0, 0x0, 0xf, 0x80, 0x0, 0x0, 0x0, 0x0,
    0x0, 0x5f, 0xff, 0xff, 0xff, 0xff, 0xff, 0xff,
    0xc0, 0x0, 0x0, 0x15, 0x44, 0x44, 0x4f, 0xa4,
    0x44, 0x45, 0x40, 0x0, 0x0, 0x0, 0x0, 0x0,
    0xf, 0x80, 0x0, 0x0, 0x0, 0x0, 0x0, 0x0,
    0x0, 0x0, 0xf, 0x80, 0x0, 0x0, 0x0, 0x0,
    0x5, 0x66, 0x66, 0x66, 0x6f, 0xb6, 0x66, 0x66,
    0x66, 0x20, 0xc, 0xee, 0xee, 0xee, 0xff, 0xff,
    0xee, 0xee, 0xee, 0x50, 0x0, 0x0, 0x0, 0xb,
    0xff, 0xfe, 0x10, 0x0, 0x0, 0x0, 0x0, 0x0,
    0x0, 0x7f, 0x6f, 0xaf, 0xb0, 0x0, 0x0, 0x0,
    0x0, 0x0, 0x4, 0xfa, 0xf, 0x86, 0xf9, 0x0,
    0x0, 0x0, 0x0, 0x0, 0x5f, 0xd1, 0xf, 0x80,
    0xaf, 0x90, 0x0, 0x0, 0x0, 0x7, 0xfe, 0x20,
    0xf, 0x80, 0xb, 0xfc, 0x30, 0x0, 0x2, 0xbf,
    0xc1, 0x0, 0xf, 0x80, 0x0, 0x9f, 0xfb, 0x60,
    0xd, 0xfa, 0x0, 0x0, 0xf, 0x80, 0x0, 0x4,
    0xdf, 0x80, 0x1, 0x60, 0x0, 0x0, 0x1f, 0x90,
    0x0, 0x0, 0x5, 0x0, 0x0, 0x0, 0x0, 0x0,
    0x2f, 0x90, 0x0, 0x0, 0x0, 0x0,

    /* U+673A "鏈? */
    0x0, 0x0, 0xea, 0x0, 0x0, 0x0, 0x0, 0x0,
    0x0, 0x0, 0x0, 0x0, 0xfa, 0x0, 0x3, 0xff,
    0xff, 0xff, 0x0, 0x0, 0x0, 0x0, 0xfa, 0x0,
    0x3, 0xf9, 0x66, 0xcf, 0x0, 0x0, 0x1, 0x0,
    0xfa, 0x1, 0x2, 0xf5, 0x0, 0xae, 0x0, 0x0,
    0xd, 0xff, 0xff, 0xff, 0x72, 0xf5, 0x0, 0xae,
    0x0, 0x0, 0x4, 0x47, 0xfb, 0x34, 0x22, 0xf4,
    0x0, 0xae, 0x0, 0x0, 0x0, 0x8, 0xfa, 0x0,
    0x2, 0xf4, 0x0, 0xae, 0x0, 0x0, 0x0, 0xc,
    0xfa, 0x20, 0x2, 0xf4, 0x0, 0xae, 0x0, 0x0,
    0x0, 0x2f, 0xfd, 0xf5, 0x3, 0xf3, 0x0, 0xae,
    0x0, 0x0, 0x0, 0x8f, 0xfa, 0xce, 0x14, 0xf3,
    0x0, 0xae, 0x0, 0x0, 0x0, 0xea, 0xfa, 0x3f,
    0x55, 0xf1, 0x0, 0xae, 0x0, 0x0, 0x8, 0xf4,
    0xfa, 0x2, 0x7, 0xf0, 0x0, 0xae, 0x0, 0x0,
    0x2f, 0xc0, 0xfa, 0x0, 0x9, 0xd0, 0x0, 0xae,
    0x0, 0x0, 0xb, 0x40, 0xfa, 0x0, 0xe, 0x90,
    0x0, 0xae, 0x0, 0x0, 0x0, 0x0, 0xfa, 0x0,
    0x4f, 0x50, 0x0, 0xae, 0x2, 0x30, 0x0, 0x0,
    0xfa, 0x0, 0xde, 0x0, 0x0, 0xaf, 0x5, 0xf4,
    0x0, 0x0, 0xfa, 0x9, 0xf6, 0x0, 0x0, 0x9f,
    0x8b, 0xf1, 0x0, 0x0, 0xfb, 0x9, 0xb0, 0x0,
    0x0, 0x4e, 0xff, 0x90, 0x0, 0x0, 0x0, 0x0,
    0x0, 0x0, 0x0, 0x0, 0x0, 0x0,

    /* U+6746 "鏉? */
    0x0, 0x0, 0x1, 0x0, 0x0, 0x0, 0x0, 0x0,
    0x0, 0x0, 0x0, 0x9, 0xf1, 0x0, 0x0, 0x0,
    0x0, 0x0, 0x0, 0x0, 0x0, 0x9f, 0x0, 0x3f,
    0xff, 0xff, 0xff, 0xff, 0x10, 0x0, 0x8, 0xf0,
    0x1, 0x66, 0x6a, 0xf6, 0x66, 0x70, 0x0, 0x0,
    0x8f, 0x0, 0x0, 0x0, 0x7f, 0x10, 0x0, 0x0,
    0x9f, 0xff, 0xff, 0xf6, 0x0, 0x7, 0xf1, 0x0,
    0x0, 0x4, 0x66, 0xef, 0x66, 0x20, 0x0, 0x7f,
    0x10, 0x0, 0x0, 0x0, 0x1f, 0xf0, 0x0, 0x0,
    0x7, 0xf1, 0x0, 0x0, 0x0, 0x7, 0xff, 0x0,
    0x2, 0x22, 0x8f, 0x32, 0x22, 0x20, 0x0, 0xef,
    0xfb, 0x95, 0xff, 0xff, 0xff, 0xff, 0xfe, 0x0,
    0x8f, 0xbf, 0x8f, 0x43, 0x33, 0x9f, 0x43, 0x33,
    0x30, 0x3f, 0xb8, 0xf0, 0xec, 0x0, 0x7, 0xf1,
    0x0, 0x0, 0x1e, 0xf2, 0x8f, 0x5, 0x20, 0x0,
    0x7f, 0x10, 0x0, 0x0, 0xc7, 0x8, 0xf0, 0x0,
    0x0, 0x7, 0xf1, 0x0, 0x0, 0x0, 0x0, 0x8f,
    0x0, 0x0, 0x0, 0x7f, 0x10, 0x0, 0x0, 0x0,
    0x8, 0xf0, 0x0, 0x0, 0x7, 0xf1, 0x0, 0x0,
    0x0, 0x0, 0x9f, 0x0, 0x0, 0x0, 0x7f, 0x10,
    0x0, 0x0, 0x0, 0x9, 0xf0, 0x0, 0x0, 0x8,
    0xf1, 0x0, 0x0, 0x0, 0x0, 0x9f, 0x10, 0x0,
    0x0, 0x8f, 0x20, 0x0, 0x0, 0x0, 0x0, 0x0,
    0x0, 0x0, 0x0, 0x10, 0x0, 0x0,

    /* U+6821 "鏍? */
    0x0, 0x0, 0x0, 0x0, 0x0, 0x0, 0x12, 0x0,
    0x0, 0x0, 0x0, 0x0, 0xf8, 0x0, 0x0, 0x0,
    0xdd, 0x0, 0x0, 0x0, 0x0, 0x0, 0xf8, 0x0,
    0x0, 0x0, 0x5f, 0x50, 0x0, 0x0, 0x0, 0x0,
    0xf7, 0x0, 0x65, 0x55, 0x69, 0x55, 0x56, 0x61,
    0x0, 0x0, 0xf7, 0x1, 0xfe, 0xee, 0xee, 0xee,
    0xee, 0xf2, 0xd, 0xff, 0xff, 0xf8, 0x0, 0x0,
    0x0, 0x0, 0x0, 0x0, 0x4, 0x59, 0xfa, 0x53,
    0x0, 0x6d, 0x30, 0xa, 0x60, 0x0, 0x0, 0xa,
    0xf7, 0x0, 0x3, 0xfd, 0x10, 0xb, 0xf9, 0x0,
    0x0, 0xe, 0xf7, 0x20, 0x2e, 0xe2, 0x0, 0x0,
    0xaf, 0xb0, 0x0, 0x4f, 0xfd, 0xf2, 0x8f, 0x30,
    0x0, 0x0, 0xa, 0x60, 0x0, 0xbc, 0xf8, 0xec,
    0x2, 0x74, 0x0, 0xd, 0x80, 0x0, 0x3, 0xf6,
    0xf7, 0x8a, 0x0, 0xdc, 0x0, 0x5f, 0x70, 0x0,
    0xd, 0xf1, 0xf7, 0x0, 0x0, 0x6f, 0x30, 0xce,
    0x0, 0x0, 0x1d, 0x90, 0xf7, 0x0, 0x0, 0xd,
    0xc6, 0xf6, 0x0, 0x0, 0x2, 0x20, 0xf7, 0x0,
    0x0, 0x3, 0xff, 0xb0, 0x0, 0x0, 0x0, 0x0,
    0xf7, 0x0, 0x0, 0x5, 0xff, 0x90, 0x0, 0x0,
    0x0, 0x0, 0xf8, 0x0, 0x1, 0xaf, 0xc9, 0xfd,
    0x40, 0x0, 0x0, 0x0, 0xf8, 0x5, 0xbf, 0xf8,
    0x0, 0x5e, 0xfe, 0xa2, 0x0, 0x1, 0xf8, 0xb,
    0xf9, 0x20, 0x0, 0x0, 0x7d, 0x90, 0x0, 0x0,
    0x0, 0x1, 0x10, 0x0, 0x0, 0x0, 0x0, 0x0,

    /* U+6B63 "姝? */
    0x4, 0x77, 0x77, 0x77, 0x77, 0x77, 0x77, 0x77,
    0x50, 0x9, 0xff, 0xff, 0xff, 0xff, 0xff, 0xff,
    0xff, 0xa0, 0x0, 0x0, 0x0, 0x0, 0x7f, 0x10,
    0x0, 0x0, 0x0, 0x0, 0x0, 0x0, 0x0, 0x7f,
    0x10, 0x0, 0x0, 0x0, 0x0, 0x0, 0x0, 0x0,
    0x7f, 0x10, 0x0, 0x0, 0x0, 0x0, 0xc, 0x90,
    0x0, 0x7f, 0x10, 0x0, 0x0, 0x0, 0x0, 0xf,
    0xb0, 0x0, 0x7f, 0x32, 0x22, 0x22, 0x0, 0x0,
    0xe, 0xb0, 0x0, 0x7f, 0xff, 0xff, 0xff, 0x40,
    0x0, 0xe, 0xb0, 0x0, 0x7f, 0x43, 0x33, 0x33,
    0x10, 0x0, 0xe, 0xb0, 0x0, 0x7f, 0x10, 0x0,
    0x0, 0x0, 0x0, 0xe, 0xb0, 0x0, 0x7f, 0x10,
    0x0, 0x0, 0x0, 0x0, 0xe, 0xb0, 0x0, 0x7f,
    0x10, 0x0, 0x0, 0x0, 0x0, 0xe, 0xb0, 0x0,
    0x7f, 0x10, 0x0, 0x0, 0x0, 0x0, 0xe, 0xb0,
    0x0, 0x7f, 0x10, 0x0, 0x0, 0x0, 0x78, 0x7f,
    0xd7, 0x77, 0xbf, 0x87, 0x77, 0x78, 0x83, 0xdf,
    0xee, 0xee, 0xee, 0xee, 0xee, 0xee, 0xef, 0xf5,

    /* U+6B7B "姝? */
    0x0, 0x0, 0x0, 0x0, 0x0, 0x0, 0x0, 0x0,
    0x0, 0x7f, 0xff, 0xff, 0xff, 0xff, 0xff, 0xff,
    0xff, 0xb0, 0x36, 0x66, 0xfc, 0x66, 0x67, 0xf9,
    0x66, 0x66, 0x50, 0x0, 0x1, 0xf7, 0x0, 0x2,
    0xf5, 0x0, 0x0, 0x0, 0x0, 0x6, 0xf3, 0x0,
    0x2, 0xf5, 0x0, 0x0, 0x0, 0x0, 0xc, 0xe4,
    0x44, 0x42, 0xf5, 0x0, 0x16, 0x0, 0x0, 0x3f,
    0xff, 0xff, 0xe2, 0xf5, 0x1, 0xcf, 0x40, 0x0,
    0xcf, 0x20, 0xb, 0xb2, 0xf5, 0x2d, 0xf5, 0x0,
    0x7, 0xf8, 0x0, 0xf, 0x72, 0xfa, 0xed, 0x20,
    0x0, 0x6f, 0xb5, 0x20, 0x6f, 0x32, 0xff, 0xa0,
    0x0, 0x0, 0x4b, 0x2e, 0xf7, 0xdd, 0x2, 0xf8,
    0x0, 0x0, 0x0, 0x0, 0x0, 0x9f, 0xf5, 0x2,
    0xf5, 0x0, 0x0, 0x0, 0x0, 0x0, 0x1f, 0xd0,
    0x2, 0xf5, 0x0, 0x0, 0x0, 0x0, 0x0, 0xcf,
    0x30, 0x2, 0xf5, 0x0, 0x0, 0xc4, 0x0, 0xa,
    0xf5, 0x0, 0x2, 0xf5, 0x0, 0x3, 0xf7, 0x1,
    0xbf, 0x60, 0x0, 0x1, 0xfb, 0x66, 0x6c, 0xf3,
    0x5e, 0xf5, 0x0, 0x0, 0x0, 0xbf, 0xff, 0xff,
    0xa0, 0x8, 0x30, 0x0, 0x0, 0x0, 0x0, 0x11,
    0x10, 0x0,

    /* U+6C14 "姘? */
    0x0, 0x0, 0x41, 0x0, 0x0, 0x0, 0x0, 0x0,
    0x0, 0x0, 0x0, 0xf, 0xe0, 0x0, 0x0, 0x0,
    0x0, 0x0, 0x0, 0x0, 0x7, 0xf8, 0x33, 0x33,
    0x33, 0x33, 0x34, 0x10, 0x0, 0x1, 0xff, 0xff,
    0xff, 0xff, 0xff, 0xff, 0xf6, 0x0, 0x0, 0x9f,
    0x40, 0x0, 0x0, 0x0, 0x0, 0x1, 0x0, 0x0,
    0x4f, 0xa2, 0x22, 0x22, 0x22, 0x22, 0x33, 0x0,
    0x0, 0x2e, 0xe1, 0xdf, 0xff, 0xff, 0xff, 0xff,
    0xf0, 0x0, 0x4, 0xd4, 0x1, 0x11, 0x11, 0x11,
    0x11, 0x12, 0x0, 0x0, 0x0, 0x0, 0x0, 0x0,
    0x0, 0x0, 0x0, 0x0, 0x0, 0x0, 0x5f, 0xff,
    0xff, 0xff, 0xff, 0xff, 0xf8, 0x0, 0x0, 0x1,
    0x54, 0x44, 0x44, 0x44, 0x44, 0x5f, 0x70, 0x0,
    0x0, 0x0, 0x0, 0x0, 0x0, 0x0, 0x2, 0xf6,
    0x0, 0x0, 0x0, 0x0, 0x0, 0x0, 0x0, 0x0,
    0x2f, 0x60, 0x0, 0x0, 0x0, 0x0, 0x0, 0x0,
    0x0, 0x1, 0xf7, 0x0, 0x0, 0x0, 0x0, 0x0,
    0x0, 0x0, 0x0, 0xf, 0xa0, 0x31, 0x0, 0x0,
    0x0, 0x0, 0x0, 0x0, 0x0, 0xce, 0x9, 0xe1,
    0x0, 0x0, 0x0, 0x0, 0x0, 0x0, 0x7, 0xf8,
    0xec, 0x0, 0x0, 0x0, 0x0, 0x0, 0x0, 0x0,
    0xe, 0xff, 0x50, 0x0, 0x0, 0x0, 0x0, 0x0,
    0x0, 0x0, 0x4c, 0x80, 0x0, 0x0, 0x0, 0x0,
    0x0, 0x0, 0x0, 0x0, 0x0, 0x0,

    /* U+6C60 "姹? */
    0x0, 0x2, 0x0, 0x0, 0x0, 0x1, 0xf6, 0x0,
    0x0, 0x0, 0x0, 0x3f, 0x50, 0x0, 0x0, 0x0,
    0xf6, 0x0, 0x0, 0x0, 0x0, 0x3f, 0xf5, 0x0,
    0x0, 0x0, 0xf6, 0x0, 0x0, 0x0, 0x0, 0x3,
    0xff, 0x20, 0x95, 0x0, 0xf6, 0x0, 0x0, 0x0,
    0x0, 0x0, 0x37, 0x0, 0xf8, 0x0, 0xf6, 0x0,
    0x2, 0x0, 0x0, 0x0, 0x0, 0x0, 0xf7, 0x0,
    0xf6, 0x39, 0xeb, 0x0, 0x7, 0x91, 0x0, 0x0,
    0xf7, 0x4, 0xff, 0xfd, 0xfa, 0x0, 0xb, 0xfe,
    0x60, 0x0, 0xfd, 0xef, 0xfa, 0x30, 0xe9, 0x0,
    0x0, 0x5e, 0xc0, 0xbf, 0xfd, 0x72, 0xf6, 0x0,
    0xe8, 0x0, 0x0, 0x1, 0x10, 0xb8, 0xf7, 0x0,
    0xf6, 0x0, 0xf7, 0x0, 0x0, 0x0, 0x0, 0x0,
    0xf7, 0x0, 0xf6, 0x0, 0xf6, 0x0, 0x0, 0x0,
    0xb4, 0x0, 0xf7, 0x0, 0xf6, 0x38, 0xf4, 0x0,
    0x0, 0x5, 0xf7, 0x0, 0xf7, 0x0, 0xf6, 0x7e,
    0x80, 0x0, 0x0, 0xc, 0xe0, 0x0, 0xf7, 0x1,
    0xf7, 0x0, 0x3, 0x10, 0x0, 0x3f, 0x80, 0x0,
    0xf7, 0x0, 0x0, 0x0, 0x9, 0xf2, 0x0, 0xcf,
    0x10, 0x0, 0xf8, 0x0, 0x0, 0x0, 0xc, 0xf0,
    0x5, 0xfa, 0x0, 0x0, 0xee, 0x66, 0x66, 0x66,
    0x8f, 0xa0, 0x8, 0xf3, 0x0, 0x0, 0x5e, 0xff,
    0xff, 0xff, 0xfd, 0x20, 0x0, 0x10, 0x0, 0x0,
    0x0, 0x0, 0x0, 0x0, 0x0, 0x0,

    /* U+6D3B "娲? */
    0x0, 0x71, 0x0, 0x0, 0x0, 0x0, 0x0, 0x37,
    0x0, 0x5, 0xfe, 0x30, 0x12, 0x35, 0x7a, 0xcf,
    0xff, 0x80, 0x0, 0x4e, 0xf5, 0x8f, 0xff, 0xef,
    0x95, 0x20, 0x0, 0x0, 0x2, 0xc1, 0x13, 0x10,
    0x3f, 0x40, 0x0, 0x0, 0x0, 0x0, 0x0, 0x0,
    0x0, 0x3f, 0x40, 0x0, 0x0, 0x1a, 0x10, 0x3,
    0x43, 0x33, 0x6f, 0x73, 0x33, 0x44, 0x6f, 0xe5,
    0xa, 0xff, 0xff, 0xff, 0xff, 0xff, 0xff, 0x3,
    0xdf, 0x90, 0x0, 0x0, 0x3f, 0x40, 0x0, 0x1,
    0x0, 0x9, 0x30, 0x0, 0x0, 0x3f, 0x40, 0x0,
    0x0, 0x0, 0x0, 0x40, 0x0, 0x0, 0x3f, 0x40,
    0x0, 0x0, 0x0, 0x4, 0xf4, 0x2e, 0xee, 0xff,
    0xfe, 0xee, 0x90, 0x0, 0xb, 0xe0, 0x2f, 0x85,
    0x55, 0x55, 0x5f, 0x90, 0x0, 0x2f, 0x70, 0x1f,
    0x40, 0x0, 0x0, 0xe, 0x90, 0x0, 0xaf, 0x10,
    0x1f, 0x40, 0x0, 0x0, 0xe, 0x90, 0x3, 0xf8,
    0x0, 0x1f, 0x40, 0x0, 0x0, 0xe, 0x90, 0xd,
    0xf1, 0x0, 0x1f, 0xff, 0xff, 0xff, 0xff, 0x90,
    0x7f, 0xa0, 0x0, 0x2f, 0x73, 0x33, 0x33, 0x3f,
    0x90, 0x8, 0x20, 0x0, 0x2f, 0x40, 0x0, 0x0,
    0xe, 0x90, 0x0, 0x0, 0x0, 0x1, 0x0, 0x0,
    0x0, 0x0, 0x0,

    /* U+6E29 "娓? */
    0x0, 0x72, 0x0, 0x6, 0x66, 0x66, 0x66, 0x66,
    0x30, 0x0, 0x1, 0xdf, 0x50, 0xf, 0xff, 0xff,
    0xff, 0xff, 0x70, 0x0, 0x0, 0xa, 0xf5, 0xf,
    0x81, 0x11, 0x11, 0x1e, 0x70, 0x0, 0x0, 0x0,
    0x60, 0xf, 0x94, 0x44, 0x44, 0x4f, 0x70, 0x0,
    0x1, 0x0, 0x0, 0xf, 0xff, 0xff, 0xff, 0xff,
    0x70, 0x0, 0xc, 0xc2, 0x0, 0xf, 0x81, 0x11,
    0x11, 0x1e, 0x70, 0x0, 0x2, 0xdf, 0x40, 0xf,
    0x93, 0x33, 0x33, 0x3f, 0x70, 0x0, 0x0, 0x1b,
    0x40, 0xf, 0xff, 0xff, 0xff, 0xff, 0x70, 0x0,
    0x0, 0x0, 0x0, 0x1, 0x11, 0x11, 0x11, 0x11,
    0x0, 0x0, 0x0, 0x2, 0x0, 0x0, 0x0, 0x0,
    0x0, 0x0, 0x0, 0x0, 0x0, 0xd, 0x80, 0xef,
    0xff, 0xff, 0xff, 0xff, 0xf7, 0x0, 0x0, 0x1f,
    0x60, 0xec, 0x58, 0xf5, 0x8f, 0x55, 0xf6, 0x0,
    0x0, 0x6f, 0x10, 0xda, 0x5, 0xe0, 0x5f, 0x1,
    0xf6, 0x0, 0x0, 0xbc, 0x0, 0xda, 0x5, 0xe0,
    0x5f, 0x1, 0xf6, 0x0, 0x1, 0xf8, 0x0, 0xda,
    0x5, 0xe0, 0x5f, 0x1, 0xf6, 0x0, 0x7, 0xf3,
    0x0, 0xda, 0x5, 0xe0, 0x5f, 0x1, 0xf6, 0x0,
    0xe, 0xe0, 0x45, 0xec, 0x58, 0xf5, 0x9f, 0x55,
    0xf9, 0x60, 0x9, 0xa0, 0xbf, 0xfe, 0xee, 0xee,
    0xee, 0xee, 0xef, 0xf2, 0x0, 0x0, 0x0, 0x0,
    0x0, 0x0, 0x0, 0x0, 0x0, 0x0,

    /* U+6E90 "婧? */
    0x0, 0x95, 0x0, 0x37, 0x77, 0x77, 0x77, 0x77,
    0x78, 0x60, 0x1, 0xcf, 0x80, 0x7f, 0xee, 0xee,
    0xee, 0xee, 0xee, 0xc0, 0x0, 0x9, 0xf4, 0x7f,
    0x0, 0x0, 0x97, 0x0, 0x0, 0x0, 0x0, 0x0,
    0x40, 0x7f, 0x0, 0x2, 0xf7, 0x0, 0x0, 0x0,
    0x2, 0x0, 0x0, 0x7f, 0x7, 0xff, 0xff, 0xff,
    0xf9, 0x0, 0xd, 0xe5, 0x0, 0x7f, 0x7, 0xf5,
    0x44, 0x44, 0xf9, 0x0, 0x3, 0xbf, 0xb0, 0x7f,
    0x6, 0xf2, 0x11, 0x11, 0xe9, 0x0, 0x0, 0x7,
    0x60, 0x7f, 0x6, 0xff, 0xff, 0xff, 0xf9, 0x0,
    0x0, 0x0, 0x0, 0x8f, 0x6, 0xf4, 0x33, 0x33,
    0xe9, 0x0, 0x0, 0x2, 0x0, 0x9f, 0x7, 0xf5,
    0x44, 0x44, 0xf9, 0x0, 0x0, 0xe, 0x90, 0xbe,
    0x7, 0xff, 0xff, 0xff, 0xf9, 0x0, 0x0, 0x2f,
    0x80, 0xcc, 0x0, 0x0, 0x3f, 0x40, 0x0, 0x0,
    0x0, 0x7f, 0x20, 0xf9, 0x2, 0x10, 0x3f, 0x40,
    0x20, 0x0, 0x0, 0xcd, 0x4, 0xf5, 0xb, 0xe1,
    0x3f, 0x45, 0xf5, 0x0, 0x3, 0xf8, 0xa, 0xf0,
    0x5f, 0x80, 0x3f, 0x40, 0xcf, 0x40, 0xa, 0xf3,
    0x4f, 0xa2, 0xfc, 0x0, 0x3f, 0x40, 0x1e, 0xe1,
    0xd, 0xe1, 0xef, 0x29, 0xf2, 0x4, 0xaf, 0x30,
    0x4, 0x70, 0x0, 0x30, 0x57, 0x0, 0x20, 0x7,
    0xfb, 0x0, 0x0, 0x0, 0x0, 0x0, 0x0, 0x0,
    0x0, 0x0, 0x20, 0x0, 0x0, 0x0,

    /* U+70E7 "鐑? */
    0x0, 0x0, 0x0, 0x0, 0x0, 0x53, 0x0, 0x0,
    0x0, 0x0, 0x0, 0x6, 0xe2, 0x0, 0x0, 0xed,
    0x0, 0x0, 0x0, 0x0, 0x0, 0x6, 0xf2, 0x0,
    0x0, 0xce, 0x57, 0xac, 0xf4, 0x0, 0x0, 0x5,
    0xf2, 0x7, 0xac, 0xff, 0xfd, 0xa8, 0x61, 0x0,
    0x0, 0x5, 0xf2, 0x7, 0xb7, 0x7f, 0x20, 0xb,
    0xd2, 0x0, 0x5, 0x55, 0xf2, 0x73, 0x0, 0xe,
    0x81, 0xbf, 0x80, 0x0, 0xb, 0xa5, 0xf8, 0xf8,
    0x0, 0x8, 0xfe, 0xd3, 0x0, 0x0, 0xc, 0x95,
    0xff, 0x50, 0x0, 0x6d, 0xfe, 0x0, 0x5, 0x10,
    0xd, 0x76, 0xf4, 0x5, 0xae, 0xf9, 0x5f, 0x90,
    0x2f, 0x90, 0xf, 0x66, 0xf1, 0x6, 0xd7, 0x10,
    0x5, 0xfe, 0xfd, 0x10, 0xb, 0x38, 0xf0, 0x0,
    0x0, 0x0, 0x0, 0x39, 0x81, 0x0, 0x0, 0xa,
    0xe0, 0xe, 0xff, 0xff, 0xff, 0xff, 0xff, 0x80,
    0x0, 0xd, 0xf9, 0x7, 0x77, 0xfb, 0x7c, 0xf7,
    0x77, 0x40, 0x0, 0x1f, 0xcf, 0xb0, 0x0, 0xf6,
    0x9, 0xe0, 0x0, 0x0, 0x0, 0x5f, 0x35, 0xf9,
    0x4, 0xf3, 0x9, 0xe0, 0x0, 0x0, 0x0, 0xcd,
    0x0, 0x86, 0x9, 0xe0, 0x9, 0xe0, 0x6, 0x91,
    0x5, 0xf7, 0x0, 0x0, 0x6f, 0x70, 0x9, 0xf1,
    0xb, 0xf0, 0xe, 0xe0, 0x0, 0x7d, 0xfa, 0x0,
    0x6, 0xff, 0xff, 0x70, 0x1, 0x40, 0x0, 0x3d,
    0x50, 0x0, 0x0, 0x34, 0x42, 0x0, 0x0, 0x0,
    0x0, 0x0, 0x0, 0x0, 0x0, 0x0, 0x0, 0x0,

    /* U+72B6 "鐘? */
    0x0, 0x0, 0x2, 0x30, 0x0, 0x0, 0x0, 0x0,
    0x0, 0x0, 0x0, 0x0, 0xb, 0xf0, 0x0, 0x1,
    0xdb, 0x0, 0x0, 0x0, 0x0, 0x0, 0xa, 0xe0,
    0x0, 0x1, 0xfb, 0x9, 0x30, 0x0, 0x2, 0x10,
    0xa, 0xe0, 0x0, 0x0, 0xf9, 0xb, 0xf3, 0x0,
    0xe, 0xc0, 0xa, 0xe0, 0x0, 0x0, 0xf9, 0x0,
    0xbe, 0x0, 0x3, 0xfa, 0xa, 0xe0, 0x0, 0x0,
    0xf9, 0x0, 0x4, 0x0, 0x0, 0x5f, 0x2a, 0xe0,
    0x55, 0x55, 0xfb, 0x55, 0x55, 0x40, 0x0, 0x2,
    0xa, 0xe2, 0xff, 0xff, 0xff, 0xff, 0xff, 0xb0,
    0x0, 0x0, 0xa, 0xe0, 0x10, 0x2, 0xfd, 0x0,
    0x0, 0x0, 0x0, 0x0, 0x3f, 0xe0, 0x0, 0x4,
    0xff, 0x10, 0x0, 0x0, 0x0, 0x2, 0xef, 0xe0,
    0x0, 0x7, 0xff, 0x50, 0x0, 0x0, 0x0, 0x1d,
    0xdb, 0xe0, 0x0, 0xb, 0xbd, 0x90, 0x0, 0x0,
    0x2, 0xde, 0x2a, 0xe0, 0x0, 0x1f, 0x79, 0xe0,
    0x0, 0x0, 0xc, 0xf4, 0xa, 0xe0, 0x0, 0x8f,
    0x23, 0xf6, 0x0, 0x0, 0x1, 0x50, 0xa, 0xe0,
    0x1, 0xeb, 0x0, 0xbf, 0x20, 0x0, 0x0, 0x0,
    0xa, 0xe0, 0xa, 0xf3, 0x0, 0x2f, 0xd1, 0x0,
    0x0, 0x0, 0xa, 0xf0, 0x6f, 0x90, 0x0, 0x7,
    0xfd, 0x20, 0x0, 0x0, 0xb, 0xf7, 0xfd, 0x0,
    0x0, 0x0, 0xaf, 0xb0, 0x0, 0x0, 0xb, 0xf2,
    0xc2, 0x0, 0x0, 0x0, 0x6, 0x0,

    /* U+7535 "鐢? */
    0x0, 0x0, 0x0, 0x23, 0x0, 0x0, 0x0, 0x0,
    0x0, 0x0, 0x0, 0x0, 0xbf, 0x0, 0x0, 0x0,
    0x0, 0x0, 0x0, 0x0, 0x0, 0xae, 0x0, 0x0,
    0x0, 0x0, 0x0, 0x0, 0x0, 0x0, 0xae, 0x0,
    0x0, 0x0, 0x0, 0x0, 0xef, 0xff, 0xff, 0xff,
    0xff, 0xff, 0xff, 0x40, 0x0, 0xee, 0x55, 0x55,
    0xcf, 0x55, 0x55, 0x8f, 0x40, 0x0, 0xed, 0x0,
    0x0, 0xae, 0x0, 0x0, 0x5f, 0x40, 0x0, 0xed,
    0x0, 0x0, 0xae, 0x0, 0x0, 0x5f, 0x40, 0x0,
    0xef, 0xff, 0xff, 0xff, 0xff, 0xff, 0xff, 0x40,
    0x0, 0xee, 0x44, 0x44, 0xbf, 0x44, 0x44, 0x8f,
    0x40, 0x0, 0xed, 0x0, 0x0, 0xae, 0x0, 0x0,
    0x5f, 0x40, 0x0, 0xed, 0x0, 0x0, 0xae, 0x0,
    0x0, 0x5f, 0x40, 0x0, 0xee, 0x66, 0x66, 0xcf,
    0x66, 0x66, 0x9f, 0x40, 0x0, 0xef, 0xff, 0xff,
    0xff, 0xff, 0xff, 0xff, 0x40, 0x0, 0xed, 0x0,
    0x0, 0xae, 0x0, 0x0, 0x0, 0x0, 0x0, 0x65,
    0x0, 0x0, 0xae, 0x0, 0x0, 0x0, 0x6, 0x40,
    0x0, 0x0, 0x0, 0xaf, 0x0, 0x0, 0x0, 0xb,
    0xf2, 0x0, 0x0, 0x0, 0x8f, 0xb6, 0x66, 0x66,
    0x8f, 0xc0, 0x0, 0x0, 0x0, 0x1b, 0xee, 0xee,
    0xee, 0xec, 0x30,

    /* U+7BA1 "绠? */
    0x0, 0x0, 0x57, 0x20, 0x0, 0x0, 0x38, 0x30,
    0x0, 0x0, 0x0, 0x0, 0xdf, 0x20, 0x0, 0x0,
    0xaf, 0x30, 0x0, 0x0, 0x0, 0x8, 0xff, 0xee,
    0xef, 0x21, 0xff, 0xee, 0xee, 0xf2, 0x0, 0x6f,
    0xb6, 0xfa, 0x56, 0x1b, 0xf6, 0x7f, 0x95, 0x61,
    0x8, 0xfd, 0x0, 0xec, 0x17, 0x5e, 0x90, 0xe,
    0xb0, 0x0, 0x3, 0xc1, 0x0, 0x65, 0x3f, 0x91,
    0x10, 0x7, 0x40, 0x0, 0x3, 0x44, 0x44, 0x44,
    0x4d, 0xf5, 0x44, 0x44, 0x44, 0x30, 0xc, 0xff,
    0xff, 0xff, 0xff, 0xff, 0xff, 0xff, 0xff, 0xb0,
    0xb, 0xe0, 0x0, 0x0, 0x0, 0x0, 0x0, 0x0,
    0xf, 0xb0, 0xa, 0xc0, 0xaf, 0xff, 0xff, 0xff,
    0xff, 0xf8, 0xb, 0x90, 0x0, 0x0, 0xaf, 0x33,
    0x33, 0x33, 0x33, 0xf8, 0x0, 0x0, 0x0, 0x0,
    0x9f, 0x55, 0x55, 0x55, 0x55, 0xf8, 0x0, 0x0,
    0x0, 0x0, 0x9f, 0xdd, 0xdd, 0xdd, 0xdd, 0xd7,
    0x0, 0x0, 0x0, 0x0, 0x9f, 0x0, 0x0, 0x0,
    0x0, 0x0, 0x0, 0x0, 0x0, 0x0, 0x9f, 0xff,
    0xff, 0xff, 0xff, 0xff, 0x50, 0x0, 0x0, 0x0,
    0x9f, 0x33, 0x33, 0x33, 0x33, 0x5f, 0x40, 0x0,
    0x0, 0x0, 0x9f, 0x33, 0x33, 0x33, 0x33, 0x6f,
    0x40, 0x0, 0x0, 0x0, 0x9f, 0xff, 0xff, 0xff,
    0xff, 0xff, 0x40, 0x0, 0x0, 0x0, 0xaf, 0x0,
    0x0, 0x0, 0x0, 0x3f, 0x50, 0x0,

    /* U+7C73 "绫? */
    0x0, 0x0, 0x0, 0x0, 0x67, 0x0, 0x0, 0x0,
    0x0, 0x0, 0x0, 0x10, 0x0, 0xb, 0xf0, 0x0,
    0x4, 0x0, 0x0, 0x0, 0x6f, 0x40, 0x0, 0xae,
    0x0, 0x2, 0xfd, 0x0, 0x0, 0x3, 0xfe, 0x10,
    0xa, 0xe0, 0x0, 0xaf, 0x60, 0x0, 0x0, 0x8,
    0xf9, 0x0, 0xae, 0x0, 0x4f, 0xb0, 0x0, 0x0,
    0x0, 0xe, 0xf1, 0xa, 0xe0, 0xd, 0xf1, 0x0,
    0x0, 0x0, 0x0, 0x41, 0x0, 0xae, 0x0, 0x14,
    0x0, 0x0, 0x0, 0x0, 0x0, 0x0, 0xa, 0xe0,
    0x0, 0x0, 0x0, 0x0, 0xff, 0xff, 0xff, 0xff,
    0xff, 0xff, 0xff, 0xff, 0xff, 0x7, 0x66, 0x66,
    0x6b, 0xfe, 0xff, 0xa6, 0x66, 0x67, 0x80, 0x0,
    0x0, 0x0, 0xeb, 0xae, 0x9e, 0x10, 0x0, 0x0,
    0x0, 0x0, 0x0, 0x7f, 0x5a, 0xe1, 0xec, 0x0,
    0x0, 0x0, 0x0, 0x0, 0x4f, 0xc0, 0xae, 0x4,
    0xfc, 0x0, 0x0, 0x0, 0x0, 0x3e, 0xf2, 0xa,
    0xe0, 0x7, 0xfe, 0x50, 0x0, 0x0, 0x7f, 0xf5,
    0x0, 0xae, 0x0, 0x6, 0xff, 0xd7, 0x6, 0xef,
    0xf4, 0x0, 0xa, 0xe0, 0x0, 0x3, 0xdf, 0xd0,
    0x3f, 0xb1, 0x0, 0x0, 0xae, 0x0, 0x0, 0x0,
    0x64, 0x0, 0x20, 0x0, 0x0, 0xa, 0xf0, 0x0,
    0x0, 0x0, 0x0, 0x0, 0x0, 0x0, 0x0, 0xbf,
    0x0, 0x0, 0x0, 0x0, 0x0,

    /* U+7EA7 "绾? */
    0x0, 0x0, 0x0, 0x0, 0x0, 0x0, 0x0, 0x0,
    0x0, 0x0, 0x0, 0x0, 0xc7, 0x0, 0x0, 0x0,
    0x0, 0x0, 0x0, 0x0, 0x0, 0x3, 0xf7, 0x1,
    0xff, 0xff, 0xff, 0xff, 0x90, 0x0, 0x0, 0xa,
    0xd0, 0x0, 0x55, 0xf7, 0x44, 0x7f, 0x50, 0x0,
    0x0, 0x2f, 0x40, 0x67, 0x1, 0xf3, 0x0, 0x6f,
    0x10, 0x0, 0x0, 0xca, 0x0, 0xdd, 0x1, 0xf3,
    0x0, 0x9d, 0x0, 0x0, 0xa, 0xf5, 0x48, 0xf4,
    0x1, 0xf2, 0x0, 0xd9, 0x0, 0x0, 0xc, 0xff,
    0xff, 0xa0, 0x2, 0xf2, 0x1, 0xf9, 0x44, 0x0,
    0x3, 0x41, 0x8e, 0x10, 0x3, 0xf4, 0x5, 0xff,
    0xfd, 0x0, 0x0, 0x3, 0xf4, 0x0, 0x4, 0xfb,
    0x0, 0x0, 0xd9, 0x0, 0x0, 0x1e, 0x80, 0x0,
    0x7, 0xff, 0x30, 0x2, 0xf5, 0x0, 0x3, 0xef,
    0x8a, 0xc5, 0xa, 0xcb, 0xc0, 0x6, 0xf1, 0x0,
    0x8, 0xff, 0xdb, 0x82, 0xe, 0x83, 0xf6, 0xd,
    0xa0, 0x0, 0x1, 0x41, 0x0, 0x0, 0x5f, 0x20,
    0x9e, 0x8f, 0x30, 0x0, 0x0, 0x2, 0x59, 0xe5,
    0xdc, 0x0, 0x1e, 0xfb, 0x0, 0x0, 0xa, 0xff,
    0xfb, 0x79, 0xf3, 0x0, 0x1d, 0xfa, 0x0, 0x0,
    0x6, 0x95, 0x0, 0x6f, 0x80, 0x4, 0xee, 0x7f,
    0xc2, 0x0, 0x0, 0x0, 0x5, 0xfa, 0x3, 0xaf,
    0xb1, 0x4, 0xff, 0x90, 0x0, 0x0, 0x0, 0x40,
    0x1c, 0xd5, 0x0, 0x0, 0x2c, 0x80, 0x0, 0x0,
    0x0, 0x0, 0x0, 0x0, 0x0, 0x0, 0x0, 0x0,

    /* U+7F6E "缃? */
    0x0, 0x44, 0x44, 0x44, 0x44, 0x44, 0x44, 0x44,
    0x10, 0x2, 0xfd, 0xcc, 0xed, 0xcc, 0xdf, 0xcc,
    0xcf, 0x60, 0x1, 0xf6, 0x0, 0xa7, 0x0, 0x7d,
    0x0, 0x2f, 0x50, 0x2, 0xff, 0xff, 0xff, 0xff,
    0xff, 0xff, 0xff, 0x60, 0x0, 0x11, 0x11, 0x11,
    0x66, 0x11, 0x11, 0x11, 0x0, 0x5, 0x54, 0x44,
    0x44, 0xcf, 0x54, 0x44, 0x45, 0x40, 0xe, 0xee,
    0xee, 0xee, 0xff, 0xee, 0xee, 0xee, 0xb0, 0x0,
    0x1, 0x22, 0x22, 0xf9, 0x22, 0x22, 0x10, 0x0,
    0x0, 0x8, 0xff, 0xff, 0xff, 0xff, 0xff, 0x90,
    0x0, 0x0, 0x7, 0xc0, 0x0, 0x0, 0x0, 0xb,
    0x90, 0x0, 0x0, 0x7, 0xff, 0xff, 0xff, 0xff,
    0xff, 0x80, 0x0, 0x0, 0x7, 0xc0, 0x0, 0x0,
    0x0, 0xb, 0x80, 0x0, 0x0, 0x7, 0xff, 0xff,
    0xff, 0xff, 0xff, 0x80, 0x0, 0x0, 0x7, 0xd3,
    0x33, 0x33, 0x33, 0x3c, 0x80, 0x0, 0x0, 0x7,
    0xff, 0xff, 0xff, 0xff, 0xff, 0x80, 0x0, 0x0,
    0x7, 0xc0, 0x0, 0x0, 0x0, 0xb, 0x80, 0x0,
    0xcf, 0xff, 0xff, 0xff, 0xff, 0xff, 0xff, 0xff,
    0xfd, 0x11, 0x11, 0x11, 0x11, 0x11, 0x11, 0x11,
    0x11, 0x11,

    /* U+89E3 "瑙? */
    0x0, 0x0, 0x30, 0x0, 0x0, 0x0, 0x0, 0x0,
    0x0, 0x0, 0x0, 0xf, 0xa0, 0x0, 0x3, 0x55,
    0x55, 0x55, 0x52, 0x0, 0x7, 0xf6, 0x33, 0x30,
    0x9e, 0xef, 0xdd, 0xdf, 0x70, 0x1, 0xff, 0xff,
    0xfa, 0x0, 0x9, 0xc0, 0x1, 0xf6, 0x0, 0xcd,
    0x0, 0x8e, 0x10, 0x0, 0xd8, 0x0, 0x2f, 0x40,
    0xaf, 0x73, 0x4f, 0x93, 0x30, 0x4f, 0x30, 0x4,
    0xf2, 0x1d, 0xaf, 0xff, 0xff, 0xff, 0x2d, 0xa0,
    0x3c, 0xfd, 0x0, 0x4, 0xf2, 0x6f, 0x6, 0xf1,
    0xa1, 0x1, 0x96, 0x0, 0x0, 0x4f, 0x69, 0xf5,
    0x9f, 0x2, 0x30, 0xf8, 0x0, 0x0, 0x4, 0xfd,
    0xef, 0xde, 0xe0, 0x7f, 0x1e, 0x60, 0x0, 0x0,
    0x4f, 0x16, 0xf0, 0x6e, 0xc, 0xfd, 0xfe, 0xde,
    0x70, 0x4, 0xf1, 0x6f, 0x6, 0xe4, 0xf6, 0x5f,
    0x95, 0x63, 0x0, 0x5f, 0xff, 0xff, 0xfe, 0x3a,
    0x0, 0xe6, 0x0, 0x0, 0x7, 0xf6, 0x9f, 0x6a,
    0xe2, 0x33, 0x3f, 0x83, 0x34, 0x0, 0x9c, 0x6,
    0xf0, 0x6e, 0x9f, 0xff, 0xff, 0xff, 0xf0, 0xd,
    0xa0, 0x6f, 0x6, 0xe0, 0x0, 0xe, 0x60, 0x0,
    0x2, 0xf6, 0x6, 0xf0, 0x8e, 0x0, 0x0, 0xe6,
    0x0, 0x0, 0xaf, 0x10, 0x14, 0x7f, 0xb0, 0x0,
    0xf, 0x60, 0x0, 0x1, 0x50, 0x0, 0x1, 0x40,
    0x0, 0x0, 0xf7, 0x0, 0x0,

    /* U+8BAE "璁? */
    0x0, 0x0, 0x0, 0x0, 0x0, 0x15, 0x0, 0x0,
    0x0, 0x0, 0x0, 0x2e, 0x40, 0x0, 0x0, 0x9f,
    0x10, 0x0, 0x0, 0x0, 0x0, 0xe, 0xd0, 0x0,
    0x0, 0x5f, 0x50, 0x8, 0x60, 0x0, 0x0, 0x6,
    0xf6, 0x2, 0x60, 0x1f, 0x80, 0xf, 0xc0, 0x0,
    0x0, 0x0, 0xb4, 0x7, 0xf2, 0xd, 0xc0, 0x2f,
    0x70, 0x0, 0x0, 0x0, 0x0, 0x4, 0xf5, 0xa,
    0xf0, 0x5f, 0x40, 0x0, 0x1, 0x0, 0x0, 0x0,
    0xf8, 0x7, 0xc1, 0x8f, 0x10, 0x0, 0x3f, 0xff,
    0xf0, 0x0, 0xcc, 0x0, 0x0, 0xcd, 0x0, 0x0,
    0x16, 0x5a, 0xf0, 0x0, 0x7f, 0x10, 0x0, 0xfa,
    0x0, 0x0, 0x0, 0x7, 0xf0, 0x0, 0x2f, 0x80,
    0x4, 0xf5, 0x0, 0x0, 0x0, 0x7, 0xf0, 0x0,
    0xb, 0xf1, 0xa, 0xf0, 0x0, 0x0, 0x0, 0x7,
    0xf0, 0x0, 0x3, 0xfa, 0x1f, 0xa0, 0x0, 0x0,
    0x0, 0x7, 0xf0, 0x4, 0x0, 0x9f, 0xcf, 0x30,
    0x0, 0x0, 0x0, 0x7, 0xf0, 0xaf, 0x10, 0xe,
    0xfc, 0x0, 0x0, 0x0, 0x0, 0x7, 0xf9, 0xf7,
    0x0, 0x3f, 0xff, 0x50, 0x0, 0x0, 0x0, 0x8,
    0xff, 0x70, 0x4, 0xfe, 0x4e, 0xf9, 0x10, 0x0,
    0x0, 0xd, 0xf8, 0x1, 0x9f, 0xe2, 0x2, 0xcf,
    0xf9, 0x40, 0x0, 0x4f, 0xa0, 0x8f, 0xfc, 0x10,
    0x0, 0x7, 0xff, 0x90, 0x0, 0x5, 0x0, 0x3e,
    0x80, 0x0, 0x0, 0x0, 0x19, 0x0, 0x0, 0x0,
    0x0, 0x0, 0x0, 0x0, 0x0, 0x0, 0x0, 0x0,

    /* U+8BBE "璁? */
    0x0, 0x0, 0x0, 0x0, 0x0, 0x0, 0x0, 0x0,
    0x0, 0x0, 0x0, 0x5c, 0x10, 0x0, 0x14, 0x44,
    0x44, 0x40, 0x0, 0x0, 0x0, 0x4f, 0xc0, 0x0,
    0x4f, 0xff, 0xff, 0xf1, 0x0, 0x0, 0x0, 0x5,
    0xfb, 0x0, 0x4f, 0x30, 0x7, 0xf1, 0x0, 0x0,
    0x0, 0x0, 0x7a, 0x0, 0x6f, 0x10, 0x7, 0xf1,
    0x0, 0x0, 0x0, 0x0, 0x0, 0x0, 0xae, 0x0,
    0x7, 0xf1, 0x0, 0x0, 0x3, 0x22, 0x20, 0x3,
    0xf9, 0x0, 0x7, 0xf6, 0x23, 0x20, 0x2f, 0xff,
    0xf2, 0x4e, 0xd0, 0x0, 0x5, 0xff, 0xff, 0x70,
    0x3, 0x27, 0xf1, 0x8, 0x10, 0x0, 0x0, 0x23,
    0x33, 0x10, 0x0, 0x6, 0xf1, 0xe, 0xff, 0xff,
    0xff, 0xff, 0x90, 0x0, 0x0, 0x6, 0xf1, 0x4,
    0xaf, 0x54, 0x44, 0xaf, 0x30, 0x0, 0x0, 0x6,
    0xf1, 0x0, 0x3f, 0x40, 0x0, 0xec, 0x0, 0x0,
    0x0, 0x6, 0xf1, 0x0, 0xc, 0xc0, 0x6, 0xf4,
    0x0, 0x0, 0x0, 0x6, 0xf1, 0xb1, 0x3, 0xf7,
    0x2f, 0xb0, 0x0, 0x0, 0x0, 0x6, 0xfc, 0xf5,
    0x0, 0x9f, 0xee, 0x10, 0x0, 0x0, 0x0, 0x7,
    0xff, 0x70, 0x0, 0x3f, 0xf9, 0x0, 0x0, 0x0,
    0x0, 0xd, 0xf7, 0x0, 0x19, 0xfc, 0x9f, 0xd7,
    0x20, 0x0, 0x0, 0x5, 0xa1, 0x6b, 0xfe, 0x50,
    0x2, 0xaf, 0xff, 0xa0, 0x0, 0x0, 0x0, 0x9b,
    0x50, 0x0, 0x0, 0x1, 0x6a, 0x30,

    /* U+8C03 "璋? */
    0x0, 0x4, 0x10, 0x0, 0x33, 0x33, 0x33, 0x33,
    0x33, 0x10, 0x1, 0xfc, 0x0, 0xe, 0xff, 0xff,
    0xff, 0xff, 0xf8, 0x0, 0x5, 0xf8, 0x0, 0xe9,
    0x0, 0x14, 0x0, 0xe, 0x70, 0x0, 0xa, 0xd0,
    0xd, 0x90, 0x6, 0xf0, 0x0, 0xe7, 0x0, 0x0,
    0x11, 0x0, 0xd9, 0x25, 0x8f, 0x45, 0xe, 0x70,
    0x0, 0x0, 0x0, 0xd, 0x96, 0xee, 0xfe, 0xe0,
    0xe7, 0xf, 0xee, 0xe1, 0x0, 0xd9, 0x0, 0x5f,
    0x0, 0xe, 0x70, 0x43, 0x7f, 0x10, 0xd, 0x93,
    0x69, 0xf5, 0x62, 0xe7, 0x0, 0x5, 0xf1, 0x0,
    0xd9, 0x8e, 0xee, 0xee, 0x5e, 0x70, 0x0, 0x5f,
    0x10, 0xe, 0x80, 0x0, 0x0, 0x0, 0xe7, 0x0,
    0x5, 0xf1, 0x0, 0xe8, 0x4e, 0xee, 0xee, 0xe,
    0x70, 0x0, 0x5f, 0x2c, 0x1f, 0x73, 0xf4, 0x27,
    0xf0, 0xe7, 0x0, 0x5, 0xfb, 0xf5, 0xf5, 0x3f,
    0x10, 0x6f, 0xe, 0x70, 0x0, 0x5f, 0xf5, 0x5f,
    0x33, 0xf4, 0x38, 0xf0, 0xe7, 0x0, 0x9, 0xf7,
    0xb, 0xe0, 0x3e, 0xee, 0xee, 0xe, 0x70, 0x0,
    0x69, 0x2, 0xf8, 0x0, 0x0, 0x0, 0x0, 0xf7,
    0x0, 0x0, 0x0, 0xcf, 0x20, 0x0, 0x0, 0x29,
    0xcf, 0x60, 0x0, 0x0, 0x1b, 0x80, 0x0, 0x0,
    0x0, 0xef, 0xa0, 0x0, 0x0, 0x0, 0x0, 0x0,
    0x0, 0x0, 0x2, 0x0, 0x0,

    /* U+8F93 "杈? */
    0x0, 0x3, 0x10, 0x0, 0x0, 0x5, 0x71, 0x0,
    0x0, 0x0, 0x0, 0xc, 0xf0, 0x0, 0x0, 0xd,
    0xf7, 0x0, 0x0, 0x0, 0x0, 0xe, 0xa0, 0x0,
    0x0, 0x7f, 0x8f, 0x40, 0x0, 0x0, 0x7, 0x7f,
    0xa6, 0x71, 0x2, 0xf7, 0x9, 0xf5, 0x0, 0x0,
    0xd, 0xef, 0xdd, 0xe2, 0x1d, 0xb0, 0x0, 0xbf,
    0x80, 0x0, 0x0, 0x7f, 0x0, 0x0, 0xce, 0xef,
    0xff, 0xfc, 0xfe, 0x70, 0x0, 0xbb, 0x0, 0x1c,
    0xf3, 0x45, 0x55, 0x51, 0x7f, 0xe1, 0x0, 0xf6,
    0xc5, 0x7f, 0x72, 0x22, 0x10, 0x0, 0x3, 0x30,
    0x4, 0xf1, 0xf6, 0x4, 0xff, 0xff, 0xc0, 0x31,
    0x7f, 0x0, 0xc, 0xc2, 0xfa, 0x51, 0xf6, 0x2a,
    0xb0, 0xf7, 0x6f, 0x0, 0x2f, 0xff, 0xfe, 0x80,
    0xf4, 0x9, 0xb0, 0xf7, 0x6f, 0x0, 0x7, 0x41,
    0xf6, 0x0, 0xff, 0xff, 0xb0, 0xf7, 0x6f, 0x0,
    0x0, 0x0, 0xf6, 0x0, 0xf6, 0x2a, 0xb0, 0xf7,
    0x6f, 0x0, 0x0, 0x0, 0xf9, 0x80, 0xf6, 0x2a,
    0xb0, 0xf7, 0x6f, 0x0, 0x7, 0xad, 0xff, 0xb0,
    0xff, 0xff, 0xb0, 0xf7, 0x6f, 0x0, 0xd, 0xd9,
    0xf6, 0x0, 0xf5, 0x1a, 0xb0, 0xf7, 0x6f, 0x0,
    0x1, 0x0, 0xf6, 0x0, 0xf4, 0x9, 0xb0, 0xd6,
    0x6f, 0x0, 0x0, 0x0, 0xf6, 0x1, 0xf4, 0x6d,
    0xb0, 0x4, 0xae, 0x0, 0x0, 0x0, 0xf7, 0x1,
    0xf4, 0x5d, 0x40, 0xa, 0xd6, 0x0, 0x0, 0x0,
    0x0, 0x0, 0x0, 0x0, 0x0, 0x0, 0x0, 0x0,

    /* U+8FDE "杩? */
    0x0, 0x0, 0x0, 0x0, 0x0, 0x0, 0x0, 0x0,
    0x0, 0x0, 0x0, 0x0, 0x0, 0x0, 0x0, 0x6b,
    0x30, 0x0, 0x0, 0x0, 0x1, 0xd9, 0x0, 0x0,
    0x0, 0xbe, 0x0, 0x0, 0x0, 0x0, 0x0, 0x9f,
    0x40, 0x66, 0x66, 0xfb, 0x66, 0x66, 0x66, 0x10,
    0x0, 0xd, 0xd0, 0xde, 0xdf, 0xfd, 0xdd, 0xdd,
    0xde, 0x20, 0x0, 0x4, 0xe3, 0x0, 0x2f, 0x60,
    0x73, 0x0, 0x0, 0x0, 0x0, 0x0, 0x0, 0x0,
    0xcc, 0x0, 0xf7, 0x0, 0x0, 0x0, 0x2, 0x22,
    0x20, 0xa, 0xf4, 0x22, 0xf8, 0x22, 0x21, 0x0,
    0xc, 0xff, 0xf0, 0xf, 0xff, 0xff, 0xff, 0xff,
    0xf9, 0x0, 0x2, 0x29, 0xf0, 0x3, 0x21, 0x11,
    0xf7, 0x12, 0x22, 0x0, 0x0, 0x9, 0xf0, 0x0,
    0x0, 0x0, 0xf6, 0x0, 0x0, 0x0, 0x0, 0x9,
    0xf0, 0x55, 0x54, 0x44, 0xf9, 0x44, 0x44, 0x30,
    0x0, 0x9, 0xf0, 0xef, 0xff, 0xff, 0xff, 0xff,
    0xff, 0x90, 0x0, 0x9, 0xf0, 0x0, 0x0, 0x0,
    0xf6, 0x0, 0x0, 0x0, 0x0, 0x9, 0xf0, 0x0,
    0x0, 0x0, 0xf6, 0x0, 0x0, 0x0, 0x0, 0xb,
    0xf5, 0x0, 0x0, 0x0, 0xf7, 0x0, 0x0, 0x0,
    0x0, 0xaf, 0xff, 0xa3, 0x0, 0x0, 0xc6, 0x0,
    0x0, 0x0, 0xb, 0xf8, 0x16, 0xef, 0xea, 0x98,
    0x77, 0x88, 0x9a, 0xb1, 0x6, 0x80, 0x0, 0x4,
    0x8b, 0xde, 0xff, 0xff, 0xff, 0xc0,

    /* U+9000 "閫€" */
    0x0, 0x0, 0x0, 0x0, 0x0, 0x0, 0x0, 0x0,
    0x0, 0x0, 0x0, 0x4d, 0x50, 0x8, 0xff, 0xff,
    0xff, 0xff, 0xf2, 0x0, 0x0, 0x1f, 0xb0, 0x8,
    0xf5, 0x55, 0x55, 0x59, 0xf2, 0x0, 0x0, 0xa,
    0xf1, 0x7, 0xf1, 0x0, 0x0, 0x6, 0xf1, 0x0,
    0x0, 0x5, 0xf5, 0x7, 0xff, 0xff, 0xff, 0xff,
    0xf1, 0x0, 0x0, 0x0, 0x0, 0x7, 0xf6, 0x66,
    0x66, 0x69, 0xf1, 0x0, 0x0, 0x0, 0x0, 0x7,
    0xf1, 0x0, 0x0, 0x6, 0xf2, 0x0, 0x6, 0x88,
    0x80, 0x7, 0xff, 0xff, 0xff, 0xff, 0xf2, 0x0,
    0xc, 0xff, 0xf0, 0x7, 0xf7, 0x66, 0x66, 0x66,
    0x71, 0x0, 0x0, 0x9, 0xf0, 0x7, 0xf1, 0x17,
    0x0, 0x1, 0xe8, 0x0, 0x0, 0x9, 0xe0, 0x7,
    0xf1, 0x7f, 0xd3, 0xc, 0xf7, 0x0, 0x0, 0x9,
    0xe0, 0x7, 0xf1, 0x6, 0xff, 0xce, 0x30, 0x0,
    0x0, 0x9, 0xe0, 0x7, 0xf1, 0x3, 0x3e, 0xfb,
    0x0, 0x0, 0x0, 0x9, 0xe0, 0x8, 0xf4, 0xbf,
    0x11, 0xcf, 0xd2, 0x0, 0x0, 0x9, 0xe0, 0xc,
    0xff, 0xf9, 0x10, 0x9, 0xff, 0x40, 0x0, 0x9,
    0xf4, 0xd, 0xfa, 0x20, 0x0, 0x0, 0x7c, 0x0,
    0x0, 0x8f, 0xff, 0xa7, 0x30, 0x0, 0x0, 0x0,
    0x0, 0x11, 0xb, 0xfc, 0x59, 0xff, 0xfc, 0xaa,
    0x9a, 0xab, 0xdf, 0xf1, 0x8, 0xb0, 0x0, 0x5,
    0x9b, 0xde, 0xff, 0xfe, 0xdc, 0xb0, 0x0, 0x0,
    0x0, 0x0, 0x0, 0x0, 0x0, 0x0, 0x0, 0x0,

    /* U+9001 "閫? */
    0x0, 0x0, 0x0, 0x0, 0x0, 0x0, 0x0, 0x0,
    0x0, 0x0, 0x20, 0x0, 0x1b, 0x20, 0x0, 0x1d,
    0x60, 0x0, 0xb, 0xe1, 0x0, 0xd, 0xd0, 0x0,
    0x5f, 0x50, 0x0, 0x2, 0xfb, 0x0, 0x2, 0xfa,
    0x0, 0xbc, 0x0, 0x0, 0x0, 0x6f, 0x60, 0x54,
    0xa6, 0x45, 0xf8, 0x44, 0x20, 0x0, 0x7, 0x2,
    0xff, 0xff, 0xff, 0xff, 0xff, 0x60, 0x0, 0x0,
    0x0, 0x11, 0x11, 0xf8, 0x11, 0x11, 0x0, 0x0,
    0x0, 0x0, 0x0, 0x0, 0xf7, 0x0, 0x0, 0x0,
    0xcf, 0xff, 0x22, 0x22, 0x22, 0xf7, 0x22, 0x22,
    0x20, 0x57, 0xaf, 0x1c, 0xff, 0xff, 0xff, 0xff,
    0xff, 0xe0, 0x0, 0x6f, 0x13, 0x33, 0x38, 0xf7,
    0x33, 0x33, 0x30, 0x0, 0x6f, 0x10, 0x0, 0xc,
    0xff, 0x60, 0x0, 0x0, 0x0, 0x6f, 0x10, 0x0,
    0x6f, 0x6a, 0xfa, 0x0, 0x0, 0x0, 0x6f, 0x10,
    0x4, 0xfc, 0x0, 0x8f, 0xd2, 0x0, 0x0, 0x6f,
    0x10, 0x7f, 0xe1, 0x0, 0x6, 0xfe, 0x20, 0x0,
    0x6f, 0x23, 0xfd, 0x20, 0x0, 0x0, 0x69, 0x0,
    0x5, 0xff, 0xe5, 0x30, 0x0, 0x0, 0x0, 0x0,
    0x0, 0x7f, 0xb4, 0xbf, 0xea, 0x87, 0x66, 0x77,
    0x8a, 0xc5, 0x5b, 0x0, 0x4, 0x9c, 0xef, 0xff,
    0xff, 0xff, 0xe0, 0x0, 0x0, 0x0, 0x0, 0x0,
    0x0, 0x0, 0x0, 0x0,

    /* U+901F "閫? */
    0x0, 0x0, 0x0, 0x0, 0x0, 0x3, 0x60, 0x0,
    0x0, 0x0, 0x0, 0x23, 0x0, 0x0, 0x0, 0x6,
    0xf0, 0x0, 0x0, 0x0, 0x0, 0xcd, 0x0, 0x66,
    0x66, 0x6a, 0xf6, 0x66, 0x66, 0x20, 0x0, 0x6f,
    0x60, 0xfe, 0xee, 0xee, 0xfe, 0xee, 0xee, 0x50,
    0x0, 0xf, 0xc0, 0x0, 0x0, 0x6, 0xe0, 0x0,
    0x0, 0x0, 0x0, 0x4, 0x0, 0x2d, 0xdd, 0xde,
    0xfd, 0xdd, 0xd8, 0x0, 0x0, 0x0, 0x0, 0x2f,
    0x96, 0x6a, 0xf6, 0x66, 0xf9, 0x0, 0x1, 0x11,
    0x0, 0x1f, 0x50, 0x6, 0xe0, 0x0, 0xe9, 0x0,
    0x3f, 0xff, 0x90, 0x1f, 0x50, 0x6, 0xe0, 0x0,
    0xe9, 0x0, 0x16, 0x5f, 0x90, 0x2f, 0xff, 0xff,
    0xff, 0xff, 0xf9, 0x0, 0x0, 0xe, 0x90, 0x2,
    0x22, 0xef, 0xe2, 0x42, 0x21, 0x0, 0x0, 0xe,
    0x90, 0x0, 0x8, 0xfa, 0xe8, 0xe4, 0x0, 0x0,
    0x0, 0xe, 0x90, 0x0, 0x7f, 0x76, 0xe1, 0xcf,
    0x60, 0x0, 0x0, 0xe, 0x90, 0x8, 0xf9, 0x6,
    0xe0, 0xb, 0xf9, 0x0, 0x0, 0xe, 0x91, 0xdf,
    0x90, 0x6, 0xf0, 0x0, 0xad, 0x10, 0x0, 0xf,
    0xc1, 0x25, 0x0, 0x7, 0xf0, 0x0, 0x1, 0x0,
    0x1, 0xbf, 0xfe, 0x82, 0x0, 0x2, 0x40, 0x0,
    0x0, 0x10, 0x1d, 0xf7, 0x4b, 0xff, 0xeb, 0xa9,
    0x99, 0xab, 0xce, 0xe0, 0xb, 0x60, 0x0, 0x26,
    0xac, 0xde, 0xee, 0xef, 0xfe, 0x90, 0x0, 0x0,
    0x0, 0x0, 0x0, 0x0, 0x0, 0x0, 0x0, 0x0,

    /* U+9065 "閬? */
    0x0, 0x0, 0x0, 0x0, 0x0, 0x0, 0x0, 0x0,
    0x0, 0x0, 0x0, 0x30, 0x0, 0x0, 0x0, 0x0,
    0x14, 0x7b, 0xf3, 0x0, 0x7, 0xf5, 0x0, 0x59,
    0xac, 0xdf, 0xfe, 0xc9, 0x74, 0x0, 0x0, 0x9f,
    0x60, 0x3d, 0xa8, 0x65, 0x10, 0x0, 0x82, 0x0,
    0x0, 0x9, 0xd0, 0x1d, 0x40, 0x2f, 0x40, 0x5,
    0xf4, 0x0, 0x0, 0x0, 0x10, 0x9, 0xf2, 0x9,
    0xe1, 0xc, 0xb0, 0x0, 0x0, 0x0, 0x0, 0x0,
    0xa2, 0x0, 0x80, 0x1c, 0x20, 0x0, 0x3, 0x22,
    0x10, 0x0, 0xcc, 0x22, 0x22, 0x22, 0x32, 0x0,
    0xf, 0xff, 0x90, 0x5, 0xff, 0xff, 0xff, 0xff,
    0xf7, 0x0, 0x3, 0x3e, 0x90, 0xc, 0x90, 0x3,
    0xf2, 0x0, 0x10, 0x0, 0x0, 0xe, 0x90, 0x44,
    0x44, 0x46, 0xf5, 0x44, 0x44, 0x30, 0x0, 0xe,
    0x91, 0xff, 0xff, 0xff, 0xff, 0xff, 0xff, 0xb0,
    0x0, 0xe, 0x90, 0x11, 0x20, 0x2, 0xf2, 0x0,
    0x21, 0x0, 0x0, 0xe, 0x90, 0x5, 0xf4, 0x2,
    0xf2, 0x0, 0xf7, 0x0, 0x0, 0xe, 0x90, 0x5,
    0xf5, 0x36, 0xf6, 0x45, 0xf7, 0x0, 0x0, 0xf,
    0xb0, 0x5, 0xff, 0xff, 0xff, 0xfe, 0xf7, 0x0,
    0x0, 0xaf, 0xfc, 0x40, 0x11, 0x10, 0x0, 0x0,
    0x94, 0x0, 0x7, 0xf8, 0x2b, 0xfe, 0xb8, 0x76,
    0x66, 0x77, 0x89, 0xa0, 0x9, 0xc0, 0x0, 0x26,
    0x9c, 0xde, 0xff, 0xff, 0xff, 0x90, 0x0, 0x0,
    0x0, 0x0, 0x0, 0x0, 0x0, 0x0, 0x0, 0x0,

    /* U+91CC "閲? */
    0x0, 0x36, 0x66, 0x66, 0x66, 0x66, 0x66, 0x63,
    0x0, 0x0, 0x9f, 0xff, 0xff, 0xff, 0xff, 0xff,
    0xf9, 0x0, 0x0, 0x9f, 0x0, 0x0, 0xe9, 0x0,
    0x0, 0xe9, 0x0, 0x0, 0x8f, 0x0, 0x0, 0xe9,
    0x0, 0x0, 0xe9, 0x0, 0x0, 0x8f, 0x44, 0x44,
    0xfb, 0x44, 0x44, 0xf9, 0x0, 0x0, 0x8f, 0xff,
    0xff, 0xff, 0xff, 0xff, 0xf8, 0x0, 0x0, 0x8f,
    0x0, 0x0, 0xe9, 0x0, 0x0, 0xe9, 0x0, 0x0,
    0x9f, 0x0, 0x0, 0xe9, 0x0, 0x0, 0xe9, 0x0,
    0x0, 0x9f, 0xff, 0xff, 0xff, 0xff, 0xff, 0xf9,
    0x0, 0x0, 0x36, 0x66, 0x66, 0xfb, 0x66, 0x66,
    0x63, 0x0, 0x0, 0x0, 0x0, 0x0, 0xe9, 0x0,
    0x0, 0x0, 0x0, 0x0, 0x76, 0x66, 0x66, 0xfb,
    0x66, 0x66, 0x67, 0x0, 0x0, 0xff, 0xff, 0xff,
    0xff, 0xff, 0xff, 0xfe, 0x0, 0x0, 0x0, 0x0,
    0x0, 0xe9, 0x0, 0x0, 0x0, 0x0, 0x0, 0x0,
    0x0, 0x0, 0xe9, 0x0, 0x0, 0x0, 0x0, 0x56,
    0x66, 0x66, 0x66, 0xfb, 0x66, 0x66, 0x66, 0x65,
    0xbf, 0xff, 0xff, 0xff, 0xff, 0xff, 0xff, 0xff,
    0xfb, 0x11, 0x0, 0x0, 0x0, 0x0, 0x0, 0x0,
    0x0, 0x0,

    /* U+91CD "閲? */
    0x0, 0x0, 0x0, 0x0, 0x0, 0x24, 0x6a, 0x80,
    0x0, 0x1, 0xaa, 0xbb, 0xce, 0xff, 0xff, 0xfe,
    0xc2, 0x0, 0x0, 0x9a, 0x87, 0x65, 0xfb, 0x21,
    0x0, 0x0, 0x0, 0x22, 0x11, 0x11, 0x11, 0xea,
    0x11, 0x11, 0x11, 0x21, 0xdf, 0xff, 0xff, 0xff,
    0xff, 0xff, 0xff, 0xff, 0xfb, 0x22, 0x22, 0x22,
    0x22, 0xeb, 0x22, 0x22, 0x22, 0x22, 0x0, 0x5,
    0x55, 0x55, 0xfc, 0x55, 0x55, 0x50, 0x0, 0x0,
    0xf, 0xff, 0xff, 0xff, 0xff, 0xff, 0xf1, 0x0,
    0x0, 0xf, 0x80, 0x0, 0xea, 0x0, 0x7, 0xf0,
    0x0, 0x0, 0xf, 0xff, 0xff, 0xff, 0xff, 0xff,
    0xf0, 0x0, 0x0, 0xf, 0x81, 0x11, 0xea, 0x11,
    0x19, 0xf0, 0x0, 0x0, 0xf, 0xff, 0xff, 0xff,
    0xff, 0xff, 0xf1, 0x0, 0x0, 0x4, 0x44, 0x44,
    0xfb, 0x44, 0x44, 0x40, 0x0, 0x0, 0x43, 0x33,
    0x33, 0xfb, 0x33, 0x33, 0x44, 0x0, 0x1, 0xee,
    0xee, 0xee, 0xff, 0xee, 0xee, 0xef, 0x10, 0x0,
    0x0, 0x0, 0x0, 0xea, 0x0, 0x0, 0x0, 0x0,
    0x34, 0x44, 0x44, 0x44, 0xfb, 0x44, 0x44, 0x44,
    0x43, 0xaf, 0xfe, 0xee, 0xee, 0xee, 0xee, 0xee,
    0xee, 0xf9,

    /* U+94AE "閽? */
    0x0, 0x0, 0x0, 0x0, 0x0, 0x0, 0x0, 0x0,
    0x0, 0x0, 0x0, 0x1d, 0x40, 0x0, 0x0, 0x0,
    0x0, 0x0, 0x0, 0x0, 0x6, 0xf1, 0x0, 0x25,
    0x54, 0x44, 0x44, 0x43, 0x0, 0x0, 0xd8, 0x1,
    0x17, 0xee, 0xff, 0xee, 0xef, 0xb0, 0x0, 0x5f,
    0xff, 0xff, 0x10, 0xb, 0xc0, 0x0, 0xc9, 0x0,
    0xd, 0xa2, 0x22, 0x20, 0x0, 0xca, 0x0, 0xd,
    0x80, 0x7, 0xf1, 0x0, 0x0, 0x0, 0xd, 0x90,
    0x0, 0xe8, 0x2, 0xfc, 0x66, 0x67, 0x10, 0x0,
    0xe8, 0x0, 0xf, 0x70, 0x6, 0xad, 0xfd, 0xd3,
    0x0, 0xf, 0x70, 0x0, 0xf6, 0x0, 0x0, 0x4f,
    0x20, 0x5, 0x99, 0xfc, 0x99, 0x9f, 0x50, 0x0,
    0x4, 0xf2, 0x0, 0x37, 0x8f, 0x97, 0x78, 0xf4,
    0x0, 0x7f, 0xff, 0xff, 0xe0, 0x2, 0xf3, 0x0,
    0x3f, 0x30, 0x2, 0x46, 0xf5, 0x44, 0x0, 0x4f,
    0x20, 0x4, 0xf2, 0x0, 0x0, 0x4f, 0x20, 0x0,
    0x5, 0xf1, 0x0, 0x4f, 0x10, 0x0, 0x4, 0xf2,
    0x38, 0x0, 0x6f, 0x0, 0x5, 0xf1, 0x0, 0x0,
    0x4f, 0x7f, 0xb0, 0x8, 0xe0, 0x0, 0x6f, 0x0,
    0x0, 0x6, 0xff, 0x91, 0x11, 0x9d, 0x0, 0x7,
    0xf1, 0x10, 0x0, 0xcf, 0x70, 0x8f, 0xff, 0xff,
    0xff, 0xff, 0xfb, 0x0, 0x2, 0x50, 0x1, 0x21,
    0x11, 0x11, 0x11, 0x11, 0x10,

    /* U+9501 "閿? */
    0x0, 0x0, 0x0, 0x0, 0x0, 0x0, 0x0, 0x0,
    0x0, 0x0, 0x0, 0x1, 0xc5, 0x0, 0x0, 0x0,
    0x6f, 0x10, 0x0, 0x0, 0x0, 0x7, 0xf4, 0x0,
    0x19, 0x0, 0x5f, 0x10, 0xb9, 0x0, 0x0, 0xe,
    0xc3, 0x34, 0x3f, 0xb0, 0x5f, 0x12, 0xfa, 0x0,
    0x0, 0x6f, 0xff, 0xff, 0x7, 0xf6, 0x5f, 0x1c,
    0xf2, 0x0, 0x1, 0xfc, 0x0, 0x11, 0x0, 0x60,
    0x5f, 0x12, 0x50, 0x0, 0xc, 0xf2, 0x0, 0x0,
    0x6, 0x66, 0x9f, 0x76, 0x66, 0x0, 0x1d, 0xdf,
    0xff, 0xfb, 0xe, 0xed, 0xdd, 0xdd, 0xef, 0x0,
    0x0, 0x14, 0xf7, 0x43, 0xd, 0x90, 0x0, 0x0,
    0x9e, 0x0, 0x0, 0x1, 0xf5, 0x0, 0xd, 0x90,
    0x4e, 0x60, 0x9e, 0x0, 0x1, 0x34, 0xf6, 0x33,
    0xd, 0x90, 0x4f, 0x50, 0x9e, 0x0, 0x8, 0xff,
    0xff, 0xff, 0xd, 0x90, 0x3f, 0x40, 0x9e, 0x0,
    0x1, 0x22, 0xf5, 0x12, 0xd, 0x90, 0x4f, 0x30,
    0x9f, 0x0, 0x0, 0x1, 0xf5, 0x0, 0xe, 0x90,
    0x7f, 0x0, 0x9f, 0x0, 0x0, 0x1, 0xf5, 0x4a,
    0x3, 0x20, 0xdb, 0x0, 0x12, 0x0, 0x0, 0x1,
    0xfa, 0xfa, 0x0, 0x7, 0xf4, 0x3b, 0x20, 0x0,
    0x0, 0x7, 0xff, 0x70, 0x0, 0x7f, 0x90, 0x5f,
    0xf7, 0x0, 0x0, 0x9, 0xf5, 0x0, 0x8e, 0xf9,
    0x0, 0x1, 0xbf, 0xc0, 0x0, 0x0, 0x30, 0x0,
    0x6c, 0x40, 0x0, 0x0, 0x7, 0x50, 0x0, 0x0,
    0x0, 0x0, 0x0, 0x0, 0x0, 0x0, 0x0, 0x0,

    /* U+9AD8 "楂? */
    0x0, 0x0, 0x0, 0x0, 0x11, 0x0, 0x0, 0x0,
    0x0, 0x0, 0x0, 0x0, 0x7, 0xf6, 0x0, 0x0,
    0x0, 0x0, 0x55, 0x44, 0x44, 0x46, 0xfc, 0x44,
    0x44, 0x44, 0x52, 0xef, 0xff, 0xff, 0xff, 0xff,
    0xff, 0xff, 0xff, 0xf7, 0x0, 0x0, 0x0, 0x0,
    0x0, 0x0, 0x0, 0x0, 0x0, 0x0, 0xc, 0xff,
    0xff, 0xff, 0xff, 0xff, 0x20, 0x0, 0x0, 0xc,
    0xc3, 0x33, 0x33, 0x33, 0x7f, 0x10, 0x0, 0x0,
    0xc, 0xc3, 0x33, 0x33, 0x33, 0x7f, 0x10, 0x0,
    0x0, 0xc, 0xff, 0xff, 0xff, 0xff, 0xff, 0x20,
    0x0, 0x0, 0x0, 0x0, 0x0, 0x0, 0x0, 0x0,
    0x0, 0x0, 0x4f, 0xff, 0xff, 0xff, 0xff, 0xff,
    0xff, 0xff, 0xf0, 0x4f, 0x63, 0x33, 0x33, 0x33,
    0x33, 0x33, 0x39, 0xf0, 0x4f, 0x30, 0x2, 0x22,
    0x22, 0x22, 0x20, 0x8, 0xf0, 0x4f, 0x30, 0x1f,
    0xff, 0xff, 0xff, 0xd0, 0x8, 0xf0, 0x4f, 0x30,
    0xf, 0x40, 0x0, 0xa, 0xc0, 0x8, 0xf0, 0x4f,
    0x30, 0x1f, 0xff, 0xff, 0xff, 0xd0, 0x8, 0xf0,
    0x4f, 0x30, 0x2, 0x22, 0x22, 0x22, 0x20, 0x8,
    0xf0, 0x4f, 0x30, 0x0, 0x0, 0x0, 0x0, 0x3,
    0xcf, 0xf0, 0x5f, 0x30, 0x0, 0x0, 0x0, 0x0,
    0x0, 0xee, 0x70, 0x0, 0x0, 0x0, 0x0, 0x0,
    0x0, 0x0, 0x0, 0x0
};


/*---------------------
 *  GLYPH DESCRIPTION
 *--------------------*/

static const lv_font_fmt_txt_glyph_dsc_t glyph_dsc[] = {
    {.bitmap_index = 0, .adv_w = 0, .box_w = 0, .box_h = 0, .ofs_x = 0, .ofs_y = 0} /* id = 0 reserved */,
    {.bitmap_index = 0, .adv_w = 160, .box_w = 0, .box_h = 0, .ofs_x = 0, .ofs_y = 0},
    {.bitmap_index = 0, .adv_w = 160, .box_w = 3, .box_h = 14, .ofs_x = 3, .ofs_y = 0},
    {.bitmap_index = 21, .adv_w = 160, .box_w = 6, .box_h = 4, .ofs_x = 2, .ofs_y = 9},
    {.bitmap_index = 33, .adv_w = 160, .box_w = 10, .box_h = 13, .ofs_x = 0, .ofs_y = 0},
    {.bitmap_index = 98, .adv_w = 160, .box_w = 8, .box_h = 17, .ofs_x = 1, .ofs_y = -2},
    {.bitmap_index = 166, .adv_w = 160, .box_w = 10, .box_h = 14, .ofs_x = 0, .ofs_y = 0},
    {.bitmap_index = 236, .adv_w = 160, .box_w = 10, .box_h = 13, .ofs_x = 0, .ofs_y = 0},
    {.bitmap_index = 301, .adv_w = 160, .box_w = 3, .box_h = 4, .ofs_x = 3, .ofs_y = 9},
    {.bitmap_index = 307, .adv_w = 160, .box_w = 6, .box_h = 18, .ofs_x = 4, .ofs_y = -2},
    {.bitmap_index = 361, .adv_w = 160, .box_w = 6, .box_h = 18, .ofs_x = 0, .ofs_y = -2},
    {.bitmap_index = 415, .adv_w = 160, .box_w = 10, .box_h = 10, .ofs_x = 0, .ofs_y = 3},
    {.bitmap_index = 465, .adv_w = 160, .box_w = 10, .box_h = 9, .ofs_x = 0, .ofs_y = 3},
    {.bitmap_index = 510, .adv_w = 160, .box_w = 3, .box_h = 4, .ofs_x = 1, .ofs_y = -2},
    {.bitmap_index = 516, .adv_w = 160, .box_w = 10, .box_h = 3, .ofs_x = 0, .ofs_y = 6},
    {.bitmap_index = 531, .adv_w = 160, .box_w = 3, .box_h = 2, .ofs_x = 1, .ofs_y = 0},
    {.bitmap_index = 534, .adv_w = 160, .box_w = 10, .box_h = 16, .ofs_x = 0, .ofs_y = -1},
    {.bitmap_index = 614, .adv_w = 160, .box_w = 10, .box_h = 14, .ofs_x = 0, .ofs_y = -1},
    {.bitmap_index = 684, .adv_w = 160, .box_w = 5, .box_h = 13, .ofs_x = 1, .ofs_y = 0},
    {.bitmap_index = 717, .adv_w = 160, .box_w = 9, .box_h = 14, .ofs_x = 0, .ofs_y = 0},
    {.bitmap_index = 780, .adv_w = 160, .box_w = 9, .box_h = 14, .ofs_x = 0, .ofs_y = 0},
    {.bitmap_index = 843, .adv_w = 160, .box_w = 10, .box_h = 13, .ofs_x = 0, .ofs_y = 0},
    {.bitmap_index = 908, .adv_w = 160, .box_w = 9, .box_h = 13, .ofs_x = 0, .ofs_y = 0},
    {.bitmap_index = 967, .adv_w = 160, .box_w = 10, .box_h = 13, .ofs_x = 0, .ofs_y = 0},
    {.bitmap_index = 1032, .adv_w = 160, .box_w = 10, .box_h = 13, .ofs_x = 0, .ofs_y = 0},
    {.bitmap_index = 1097, .adv_w = 160, .box_w = 9, .box_h = 13, .ofs_x = 0, .ofs_y = 0},
    {.bitmap_index = 1156, .adv_w = 160, .box_w = 9, .box_h = 13, .ofs_x = 0, .ofs_y = 0},
    {.bitmap_index = 1215, .adv_w = 160, .box_w = 3, .box_h = 9, .ofs_x = 3, .ofs_y = 0},
    {.bitmap_index = 1229, .adv_w = 160, .box_w = 3, .box_h = 11, .ofs_x = 3, .ofs_y = -2},
    {.bitmap_index = 1246, .adv_w = 160, .box_w = 10, .box_h = 15, .ofs_x = 0, .ofs_y = -1},
    {.bitmap_index = 1321, .adv_w = 160, .box_w = 10, .box_h = 8, .ofs_x = 0, .ofs_y = 3},
    {.bitmap_index = 1361, .adv_w = 160, .box_w = 10, .box_h = 15, .ofs_x = 0, .ofs_y = -1},
    {.bitmap_index = 1436, .adv_w = 160, .box_w = 8, .box_h = 13, .ofs_x = 1, .ofs_y = 0},
    {.bitmap_index = 1488, .adv_w = 160, .box_w = 10, .box_h = 13, .ofs_x = 0, .ofs_y = 0},
    {.bitmap_index = 1553, .adv_w = 160, .box_w = 10, .box_h = 13, .ofs_x = 0, .ofs_y = 0},
    {.bitmap_index = 1618, .adv_w = 160, .box_w = 10, .box_h = 13, .ofs_x = 0, .ofs_y = 0},
    {.bitmap_index = 1683, .adv_w = 160, .box_w = 10, .box_h = 13, .ofs_x = 0, .ofs_y = 0},
    {.bitmap_index = 1748, .adv_w = 160, .box_w = 10, .box_h = 13, .ofs_x = 0, .ofs_y = 0},
    {.bitmap_index = 1813, .adv_w = 160, .box_w = 9, .box_h = 13, .ofs_x = 1, .ofs_y = 0},
    {.bitmap_index = 1872, .adv_w = 160, .box_w = 10, .box_h = 13, .ofs_x = 0, .ofs_y = 0},
    {.bitmap_index = 1937, .adv_w = 160, .box_w = 9, .box_h = 13, .ofs_x = 0, .ofs_y = 0},
    {.bitmap_index = 1996, .adv_w = 160, .box_w = 9, .box_h = 13, .ofs_x = 0, .ofs_y = 0},
    {.bitmap_index = 2055, .adv_w = 160, .box_w = 3, .box_h = 13, .ofs_x = 3, .ofs_y = 0},
    {.bitmap_index = 2075, .adv_w = 160, .box_w = 8, .box_h = 13, .ofs_x = 1, .ofs_y = 0},
    {.bitmap_index = 2127, .adv_w = 160, .box_w = 10, .box_h = 13, .ofs_x = 0, .ofs_y = 0},
    {.bitmap_index = 2192, .adv_w = 160, .box_w = 10, .box_h = 13, .ofs_x = 0, .ofs_y = 0},
    {.bitmap_index = 2257, .adv_w = 160, .box_w = 10, .box_h = 13, .ofs_x = 0, .ofs_y = 0},
    {.bitmap_index = 2322, .adv_w = 160, .box_w = 9, .box_h = 13, .ofs_x = 0, .ofs_y = 0},
    {.bitmap_index = 2381, .adv_w = 160, .box_w = 10, .box_h = 13, .ofs_x = 0, .ofs_y = 0},
    {.bitmap_index = 2446, .adv_w = 160, .box_w = 9, .box_h = 13, .ofs_x = 1, .ofs_y = 0},
    {.bitmap_index = 2505, .adv_w = 160, .box_w = 10, .box_h = 14, .ofs_x = 0, .ofs_y = -1},
    {.bitmap_index = 2575, .adv_w = 160, .box_w = 10, .box_h = 13, .ofs_x = 0, .ofs_y = 0},
    {.bitmap_index = 2640, .adv_w = 160, .box_w = 10, .box_h = 13, .ofs_x = 0, .ofs_y = 0},
    {.bitmap_index = 2705, .adv_w = 160, .box_w = 9, .box_h = 13, .ofs_x = 0, .ofs_y = 0},
    {.bitmap_index = 2764, .adv_w = 160, .box_w = 9, .box_h = 13, .ofs_x = 0, .ofs_y = 0},
    {.bitmap_index = 2823, .adv_w = 160, .box_w = 10, .box_h = 13, .ofs_x = 0, .ofs_y = 0},
    {.bitmap_index = 2888, .adv_w = 160, .box_w = 10, .box_h = 13, .ofs_x = 0, .ofs_y = 0},
    {.bitmap_index = 2953, .adv_w = 160, .box_w = 10, .box_h = 13, .ofs_x = 0, .ofs_y = 0},
    {.bitmap_index = 3018, .adv_w = 160, .box_w = 10, .box_h = 13, .ofs_x = 0, .ofs_y = 0},
    {.bitmap_index = 3083, .adv_w = 160, .box_w = 10, .box_h = 13, .ofs_x = 0, .ofs_y = 0},
    {.bitmap_index = 3148, .adv_w = 160, .box_w = 6, .box_h = 19, .ofs_x = 3, .ofs_y = -2},
    {.bitmap_index = 3205, .adv_w = 160, .box_w = 8, .box_h = 16, .ofs_x = 1, .ofs_y = -2},
    {.bitmap_index = 3269, .adv_w = 160, .box_w = 6, .box_h = 19, .ofs_x = 0, .ofs_y = -2},
    {.bitmap_index = 3326, .adv_w = 160, .box_w = 8, .box_h = 3, .ofs_x = 1, .ofs_y = 12},
    {.bitmap_index = 3338, .adv_w = 160, .box_w = 10, .box_h = 1, .ofs_x = 0, .ofs_y = -3},
    {.bitmap_index = 3343, .adv_w = 160, .box_w = 6, .box_h = 4, .ofs_x = 2, .ofs_y = 12},
    {.bitmap_index = 3355, .adv_w = 160, .box_w = 9, .box_h = 9, .ofs_x = 0, .ofs_y = 0},
    {.bitmap_index = 3396, .adv_w = 160, .box_w = 9, .box_h = 13, .ofs_x = 0, .ofs_y = 0},
    {.bitmap_index = 3455, .adv_w = 160, .box_w = 9, .box_h = 9, .ofs_x = 0, .ofs_y = 0},
    {.bitmap_index = 3496, .adv_w = 160, .box_w = 9, .box_h = 13, .ofs_x = 0, .ofs_y = 0},
    {.bitmap_index = 3555, .adv_w = 160, .box_w = 9, .box_h = 9, .ofs_x = 0, .ofs_y = 0},
    {.bitmap_index = 3596, .adv_w = 160, .box_w = 9, .box_h = 13, .ofs_x = 0, .ofs_y = 0},
    {.bitmap_index = 3655, .adv_w = 160, .box_w = 10, .box_h = 12, .ofs_x = 0, .ofs_y = -2},
    {.bitmap_index = 3715, .adv_w = 160, .box_w = 8, .box_h = 13, .ofs_x = 1, .ofs_y = 0},
    {.bitmap_index = 3767, .adv_w = 160, .box_w = 2, .box_h = 13, .ofs_x = 4, .ofs_y = 0},
    {.bitmap_index = 3780, .adv_w = 160, .box_w = 7, .box_h = 15, .ofs_x = 1, .ofs_y = -2},
    {.bitmap_index = 3833, .adv_w = 160, .box_w = 9, .box_h = 13, .ofs_x = 1, .ofs_y = 0},
    {.bitmap_index = 3892, .adv_w = 160, .box_w = 2, .box_h = 13, .ofs_x = 4, .ofs_y = 0},
    {.bitmap_index = 3905, .adv_w = 160, .box_w = 10, .box_h = 9, .ofs_x = 0, .ofs_y = 0},
    {.bitmap_index = 3950, .adv_w = 160, .box_w = 8, .box_h = 9, .ofs_x = 1, .ofs_y = 0},
    {.bitmap_index = 3986, .adv_w = 160, .box_w = 10, .box_h = 9, .ofs_x = 0, .ofs_y = 0},
    {.bitmap_index = 4031, .adv_w = 160, .box_w = 9, .box_h = 11, .ofs_x = 0, .ofs_y = -2},
    {.bitmap_index = 4081, .adv_w = 160, .box_w = 9, .box_h = 11, .ofs_x = 0, .ofs_y = -2},
    {.bitmap_index = 4131, .adv_w = 160, .box_w = 6, .box_h = 9, .ofs_x = 2, .ofs_y = 0},
    {.bitmap_index = 4158, .adv_w = 160, .box_w = 8, .box_h = 9, .ofs_x = 1, .ofs_y = 0},
    {.bitmap_index = 4194, .adv_w = 160, .box_w = 9, .box_h = 12, .ofs_x = 0, .ofs_y = 0},
    {.bitmap_index = 4248, .adv_w = 160, .box_w = 8, .box_h = 9, .ofs_x = 1, .ofs_y = 0},
    {.bitmap_index = 4284, .adv_w = 160, .box_w = 9, .box_h = 9, .ofs_x = 0, .ofs_y = 0},
    {.bitmap_index = 4325, .adv_w = 160, .box_w = 10, .box_h = 9, .ofs_x = 0, .ofs_y = 0},
    {.bitmap_index = 4370, .adv_w = 160, .box_w = 9, .box_h = 9, .ofs_x = 0, .ofs_y = 0},
    {.bitmap_index = 4411, .adv_w = 160, .box_w = 10, .box_h = 11, .ofs_x = 0, .ofs_y = -2},
    {.bitmap_index = 4466, .adv_w = 160, .box_w = 8, .box_h = 9, .ofs_x = 1, .ofs_y = 0},
    {.bitmap_index = 4502, .adv_w = 160, .box_w = 5, .box_h = 17, .ofs_x = 4, .ofs_y = -2},
    {.bitmap_index = 4545, .adv_w = 160, .box_w = 2, .box_h = 19, .ofs_x = 4, .ofs_y = -2},
    {.bitmap_index = 4564, .adv_w = 160, .box_w = 5, .box_h = 17, .ofs_x = 1, .ofs_y = -2},
    {.bitmap_index = 4607, .adv_w = 160, .box_w = 9, .box_h = 4, .ofs_x = 1, .ofs_y = 13},
    {.bitmap_index = 4625, .adv_w = 320, .box_w = 19, .box_h = 19, .ofs_x = 1, .ofs_y = -3},
    {.bitmap_index = 4806, .adv_w = 320, .box_w = 16, .box_h = 19, .ofs_x = 2, .ofs_y = -2},
    {.bitmap_index = 4958, .adv_w = 320, .box_w = 18, .box_h = 20, .ofs_x = 1, .ofs_y = -3},
    {.bitmap_index = 5138, .adv_w = 320, .box_w = 19, .box_h = 20, .ofs_x = 0, .ofs_y = -3},
    {.bitmap_index = 5328, .adv_w = 320, .box_w = 19, .box_h = 20, .ofs_x = 0, .ofs_y = -3},
    {.bitmap_index = 5518, .adv_w = 320, .box_w = 19, .box_h = 19, .ofs_x = 0, .ofs_y = -2},
    {.bitmap_index = 5699, .adv_w = 320, .box_w = 20, .box_h = 19, .ofs_x = 0, .ofs_y = -2},
    {.bitmap_index = 5889, .adv_w = 320, .box_w = 19, .box_h = 19, .ofs_x = 0, .ofs_y = -2},
    {.bitmap_index = 6070, .adv_w = 320, .box_w = 16, .box_h = 19, .ofs_x = 2, .ofs_y = -2},
    {.bitmap_index = 6222, .adv_w = 320, .box_w = 19, .box_h = 20, .ofs_x = 0, .ofs_y = -3},
    {.bitmap_index = 6412, .adv_w = 320, .box_w = 19, .box_h = 20, .ofs_x = 0, .ofs_y = -3},
    {.bitmap_index = 6602, .adv_w = 320, .box_w = 20, .box_h = 20, .ofs_x = 0, .ofs_y = -3},
    {.bitmap_index = 6802, .adv_w = 320, .box_w = 18, .box_h = 19, .ofs_x = 1, .ofs_y = -3},
    {.bitmap_index = 6973, .adv_w = 320, .box_w = 20, .box_h = 19, .ofs_x = 0, .ofs_y = -2},
    {.bitmap_index = 7163, .adv_w = 320, .box_w = 20, .box_h = 19, .ofs_x = 0, .ofs_y = -2},
    {.bitmap_index = 7353, .adv_w = 320, .box_w = 18, .box_h = 20, .ofs_x = 1, .ofs_y = -3},
    {.bitmap_index = 7533, .adv_w = 320, .box_w = 19, .box_h = 19, .ofs_x = 0, .ofs_y = -3},
    {.bitmap_index = 7714, .adv_w = 320, .box_w = 19, .box_h = 18, .ofs_x = 0, .ofs_y = -2},
    {.bitmap_index = 7885, .adv_w = 320, .box_w = 19, .box_h = 19, .ofs_x = 0, .ofs_y = -3},
    {.bitmap_index = 8066, .adv_w = 320, .box_w = 18, .box_h = 20, .ofs_x = 1, .ofs_y = -3},
    {.bitmap_index = 8246, .adv_w = 320, .box_w = 18, .box_h = 19, .ofs_x = 1, .ofs_y = -3},
    {.bitmap_index = 8417, .adv_w = 320, .box_w = 19, .box_h = 19, .ofs_x = 0, .ofs_y = -3},
    {.bitmap_index = 8598, .adv_w = 320, .box_w = 19, .box_h = 19, .ofs_x = 1, .ofs_y = -3},
    {.bitmap_index = 8779, .adv_w = 320, .box_w = 18, .box_h = 19, .ofs_x = 1, .ofs_y = -3},
    {.bitmap_index = 8950, .adv_w = 320, .box_w = 19, .box_h = 19, .ofs_x = 0, .ofs_y = -2},
    {.bitmap_index = 9131, .adv_w = 320, .box_w = 18, .box_h = 19, .ofs_x = 1, .ofs_y = -2},
    {.bitmap_index = 9302, .adv_w = 320, .box_w = 19, .box_h = 20, .ofs_x = 0, .ofs_y = -3},
    {.bitmap_index = 9492, .adv_w = 320, .box_w = 19, .box_h = 20, .ofs_x = 0, .ofs_y = -3},
    {.bitmap_index = 9682, .adv_w = 320, .box_w = 18, .box_h = 19, .ofs_x = 1, .ofs_y = -2},
    {.bitmap_index = 9853, .adv_w = 320, .box_w = 17, .box_h = 18, .ofs_x = 2, .ofs_y = -2},
    {.bitmap_index = 10006, .adv_w = 320, .box_w = 18, .box_h = 19, .ofs_x = 1, .ofs_y = -2},
    {.bitmap_index = 10177, .adv_w = 320, .box_w = 20, .box_h = 20, .ofs_x = 0, .ofs_y = -3},
    {.bitmap_index = 10377, .adv_w = 320, .box_w = 19, .box_h = 19, .ofs_x = 0, .ofs_y = -3},
    {.bitmap_index = 10558, .adv_w = 320, .box_w = 19, .box_h = 19, .ofs_x = 0, .ofs_y = -3},
    {.bitmap_index = 10739, .adv_w = 320, .box_w = 20, .box_h = 19, .ofs_x = 0, .ofs_y = -2},
    {.bitmap_index = 10929, .adv_w = 320, .box_w = 20, .box_h = 19, .ofs_x = 0, .ofs_y = -3},
    {.bitmap_index = 11119, .adv_w = 320, .box_w = 19, .box_h = 19, .ofs_x = 0, .ofs_y = -2},
    {.bitmap_index = 11300, .adv_w = 320, .box_w = 20, .box_h = 19, .ofs_x = 0, .ofs_y = -2},
    {.bitmap_index = 11490, .adv_w = 320, .box_w = 19, .box_h = 19, .ofs_x = 0, .ofs_y = -2},
    {.bitmap_index = 11671, .adv_w = 320, .box_w = 19, .box_h = 19, .ofs_x = 0, .ofs_y = -3},
    {.bitmap_index = 11852, .adv_w = 320, .box_w = 20, .box_h = 20, .ofs_x = 0, .ofs_y = -3},
    {.bitmap_index = 12052, .adv_w = 320, .box_w = 20, .box_h = 19, .ofs_x = 0, .ofs_y = -2},
    {.bitmap_index = 12242, .adv_w = 320, .box_w = 20, .box_h = 20, .ofs_x = 0, .ofs_y = -3},
    {.bitmap_index = 12442, .adv_w = 320, .box_w = 20, .box_h = 20, .ofs_x = 0, .ofs_y = -3},
    {.bitmap_index = 12642, .adv_w = 320, .box_w = 20, .box_h = 20, .ofs_x = 0, .ofs_y = -3},
    {.bitmap_index = 12842, .adv_w = 320, .box_w = 19, .box_h = 19, .ofs_x = 0, .ofs_y = -3},
    {.bitmap_index = 13023, .adv_w = 320, .box_w = 19, .box_h = 20, .ofs_x = 0, .ofs_y = -3},
    {.bitmap_index = 13213, .adv_w = 320, .box_w = 20, .box_h = 20, .ofs_x = 0, .ofs_y = -3},
    {.bitmap_index = 13413, .adv_w = 320, .box_w = 18, .box_h = 19, .ofs_x = 1, .ofs_y = -3},
    {.bitmap_index = 13584, .adv_w = 320, .box_w = 19, .box_h = 19, .ofs_x = 1, .ofs_y = -2},
    {.bitmap_index = 13765, .adv_w = 320, .box_w = 18, .box_h = 19, .ofs_x = 1, .ofs_y = -3},
    {.bitmap_index = 13936, .adv_w = 320, .box_w = 20, .box_h = 19, .ofs_x = 0, .ofs_y = -2},
    {.bitmap_index = 14126, .adv_w = 320, .box_w = 20, .box_h = 19, .ofs_x = 0, .ofs_y = -3},
    {.bitmap_index = 14316, .adv_w = 320, .box_w = 19, .box_h = 20, .ofs_x = 0, .ofs_y = -3},
    {.bitmap_index = 14506, .adv_w = 320, .box_w = 20, .box_h = 20, .ofs_x = 0, .ofs_y = -3},
    {.bitmap_index = 14706, .adv_w = 320, .box_w = 18, .box_h = 16, .ofs_x = 1, .ofs_y = -1},
    {.bitmap_index = 14850, .adv_w = 320, .box_w = 18, .box_h = 18, .ofs_x = 1, .ofs_y = -2},
    {.bitmap_index = 15012, .adv_w = 320, .box_w = 19, .box_h = 20, .ofs_x = 1, .ofs_y = -3},
    {.bitmap_index = 15202, .adv_w = 320, .box_w = 20, .box_h = 19, .ofs_x = 0, .ofs_y = -3},
    {.bitmap_index = 15392, .adv_w = 320, .box_w = 18, .box_h = 19, .ofs_x = 1, .ofs_y = -3},
    {.bitmap_index = 15563, .adv_w = 320, .box_w = 20, .box_h = 19, .ofs_x = 0, .ofs_y = -3},
    {.bitmap_index = 15753, .adv_w = 320, .box_w = 20, .box_h = 19, .ofs_x = 0, .ofs_y = -3},
    {.bitmap_index = 15943, .adv_w = 320, .box_w = 20, .box_h = 20, .ofs_x = 0, .ofs_y = -3},
    {.bitmap_index = 16143, .adv_w = 320, .box_w = 20, .box_h = 19, .ofs_x = 0, .ofs_y = -2},
    {.bitmap_index = 16333, .adv_w = 320, .box_w = 18, .box_h = 19, .ofs_x = 2, .ofs_y = -2},
    {.bitmap_index = 16504, .adv_w = 320, .box_w = 20, .box_h = 19, .ofs_x = 0, .ofs_y = -2},
    {.bitmap_index = 16694, .adv_w = 320, .box_w = 19, .box_h = 19, .ofs_x = 1, .ofs_y = -2},
    {.bitmap_index = 16875, .adv_w = 320, .box_w = 20, .box_h = 20, .ofs_x = 0, .ofs_y = -3},
    {.bitmap_index = 17075, .adv_w = 320, .box_w = 18, .box_h = 18, .ofs_x = 1, .ofs_y = -2},
    {.bitmap_index = 17237, .adv_w = 320, .box_w = 19, .box_h = 19, .ofs_x = 0, .ofs_y = -2},
    {.bitmap_index = 17418, .adv_w = 320, .box_w = 20, .box_h = 20, .ofs_x = 0, .ofs_y = -3},
    {.bitmap_index = 17618, .adv_w = 320, .box_w = 20, .box_h = 19, .ofs_x = 0, .ofs_y = -2},
    {.bitmap_index = 17808, .adv_w = 320, .box_w = 19, .box_h = 19, .ofs_x = 0, .ofs_y = -3},
    {.bitmap_index = 17989, .adv_w = 320, .box_w = 20, .box_h = 20, .ofs_x = 0, .ofs_y = -3},
    {.bitmap_index = 18189, .adv_w = 320, .box_w = 20, .box_h = 19, .ofs_x = 0, .ofs_y = -2},
    {.bitmap_index = 18379, .adv_w = 320, .box_w = 20, .box_h = 20, .ofs_x = 0, .ofs_y = -3},
    {.bitmap_index = 18579, .adv_w = 320, .box_w = 18, .box_h = 20, .ofs_x = 1, .ofs_y = -3},
    {.bitmap_index = 18759, .adv_w = 320, .box_w = 20, .box_h = 20, .ofs_x = 0, .ofs_y = -3},
    {.bitmap_index = 18959, .adv_w = 320, .box_w = 20, .box_h = 20, .ofs_x = 0, .ofs_y = -3},
    {.bitmap_index = 19159, .adv_w = 320, .box_w = 18, .box_h = 18, .ofs_x = 1, .ofs_y = -2},
    {.bitmap_index = 19321, .adv_w = 320, .box_w = 18, .box_h = 18, .ofs_x = 1, .ofs_y = -2},
    {.bitmap_index = 19483, .adv_w = 320, .box_w = 19, .box_h = 19, .ofs_x = 0, .ofs_y = -2},
    {.bitmap_index = 19664, .adv_w = 320, .box_w = 20, .box_h = 20, .ofs_x = 0, .ofs_y = -3},
    {.bitmap_index = 19864, .adv_w = 320, .box_w = 18, .box_h = 20, .ofs_x = 1, .ofs_y = -3}
};

/*---------------------
 *  CHARACTER MAPPING
 *--------------------*/

static const uint16_t unicode_list_1[] = {
    0x0, 0xb, 0x8c, 0xd4, 0xfe, 0x1bf, 0x34a, 0x3a4,
    0x3d8, 0x414, 0x486, 0x4e3, 0x518, 0x525, 0x52d, 0x535,
    0x569, 0x57d, 0x5af, 0x5b6, 0x5d5, 0x5ec, 0x846, 0x8d8,
    0xb05, 0xb0f, 0xba9, 0xd78, 0xded, 0xfd0, 0x1016, 0x1084,
    0x10e0, 0x1133, 0x1163, 0x11a1, 0x11df, 0x12fd, 0x14e5, 0x154c,
    0x1583, 0x1585, 0x1625, 0x1714, 0x1726, 0x174e, 0x178e, 0x17a9,
    0x17be, 0x1875, 0x18de, 0x1908, 0x1918, 0x1924, 0x19ff, 0x1d41,
    0x1d59, 0x1df2, 0x1e3e, 0x1f19, 0x2007, 0x206e, 0x22c5, 0x2494,
    0x2713, 0x2d7f, 0x2e51, 0x3085, 0x314c, 0x3bc1, 0x3d8c, 0x3d9c,
    0x3de1, 0x4171, 0x41bc, 0x41de, 0x41df, 0x41fd, 0x4243, 0x43aa,
    0x43ab, 0x468c, 0x46df, 0x4cb6
};

/*Collect the unicode lists and glyph_id offsets*/
static const lv_font_fmt_txt_cmap_t cmaps[] =
{
    {
        .range_start = 32, .range_length = 95, .glyph_id_start = 1,
        .unicode_list = NULL, .glyph_id_ofs_list = NULL, .list_length = 0, .type = LV_FONT_FMT_TXT_CMAP_FORMAT0_TINY
    },
    {
        .range_start = 20002, .range_length = 19639, .glyph_id_start = 96,
        .unicode_list = unicode_list_1, .glyph_id_ofs_list = NULL, .list_length = 84, .type = LV_FONT_FMT_TXT_CMAP_SPARSE_TINY
    }
};



/*--------------------
 *  ALL CUSTOM DATA
 *--------------------*/

#if LVGL_VERSION_MAJOR == 8
/*Store all the custom data of the font*/
static  lv_font_fmt_txt_glyph_cache_t cache;
#endif

#if LVGL_VERSION_MAJOR >= 8
static const lv_font_fmt_txt_dsc_t font_dsc = {
#else
static lv_font_fmt_txt_dsc_t font_dsc = {
#endif
    .glyph_bitmap = glyph_bitmap,
    .glyph_dsc = glyph_dsc,
    .cmaps = cmaps,
    .kern_dsc = NULL,
    .kern_scale = 0,
    .cmap_num = 2,
    .bpp = 4,
    .kern_classes = 0,
    .bitmap_format = 0,
#if LVGL_VERSION_MAJOR == 8
    .cache = &cache
#endif
};



/*-----------------
 *  PUBLIC FONT
 *----------------*/

/*Initialize a public general font descriptor*/
#if LVGL_VERSION_MAJOR >= 8
const lv_font_t ui_font_ChineseSmall = {
#else
lv_font_t ui_font_ChineseSmall = {
#endif
    .get_glyph_dsc = lv_font_get_glyph_dsc_fmt_txt,    /*Function pointer to get glyph's data*/
    .get_glyph_bitmap = lv_font_get_bitmap_fmt_txt,    /*Function pointer to get glyph's bitmap*/
    .line_height = 20,          /*The maximum line height required by the font*/
    .base_line = 3,             /*Baseline measured from the bottom of the line*/
#if !(LVGL_VERSION_MAJOR == 6 && LVGL_VERSION_MINOR == 0)
    .subpx = LV_FONT_SUBPX_NONE,
#endif
#if LV_VERSION_CHECK(7, 4, 0) || LVGL_VERSION_MAJOR >= 8
    .underline_position = -2,
    .underline_thickness = 1,
#endif
    .dsc = &font_dsc,          /*The custom font data. Will be accessed by `get_glyph_bitmap/dsc` */
#if LV_VERSION_CHECK(8, 2, 0) || LVGL_VERSION_MAJOR >= 9
    .fallback = NULL,
#endif
    .user_data = NULL,
};



#endif /*#if UI_FONT_CHINESESMALL*/
